SalesID,Date,CustomerID,ProductID,Quantity,UnitPrice,UnitCost,Region,CustomerSegment
S000001,2024-04-24,C1094,P101,1,366.83,292.44,North,Consumer
S000002,2024-10-08,C1028,P115,7,120.98,81.35,West,Corporate
S000003,2024-05-22,C1013,P147,3,14.51,11.01,South,Consumer
S000004,2024-03-30,C1054,P137,4,181.11,125.85,East,Corporate
S000005,2024-02-02,C1011,P101,2,366.83,292.44,East,Enterprise
S000006,2024-08-11,C1064,P114,7,260.93,183.15,South,Consumer
S000007,2024-01-28,C1025,P135,2,320.22,195.63,East,SMB
S000008,2025-03-05,C1057,P114,5,260.93,183.15,South,Consumer
S000009,2024-10-11,C1111,P151,2,88.8,53.52,East,Corporate
S000010,2024-01-07,C1103,P148,5,59.72,44.43,South,Enterprise
S000011,2024-06-12,C1054,P144,6,89.2,48.97,East,Corporate
S000012,2024-12-14,C1019,P117,7,95.44,71.85,West,Consumer
S000013,2024-08-08,C1043,P148,7,59.72,44.43,South,Enterprise
S000014,2024-04-14,C1048,P105,1,272.53,171.34,South,SMB
S000015,2024-04-09,C1108,P122,4,177.12,146.86,East,Corporate
S000016,2024-12-18,C1033,P138,5,365.72,302.69,North,Consumer
S000017,2024-02-14,C1058,P146,1,307.15,247.89,West,Consumer
S000018,2024-05-07,C1048,P159,2,375.78,273.38,South,SMB
S000019,2024-03-21,C1037,P135,2,320.22,195.63,Central,Enterprise
S000020,2025-01-05,C1024,P136,1,176.12,98.51,North,SMB
S000021,2024-03-12,C1084,P102,7,190.21,138.89,North,Enterprise
S000022,2024-08-21,C1037,P149,2,335.12,249.95,Central,Enterprise
S000023,2024-03-22,C1029,P154,6,329.46,264.71,West,Corporate
S000024,2024-04-13,C1035,P124,6,463.1,379.84,Central,Enterprise
S000025,2025-04-09,C1106,P140,1,444.67,311.06,East,SMB
S000026,2025-01-08,C1047,P110,5,29.98,24.35,Central,Consumer
S000027,2024-12-29,C1085,P113,5,18.13,12.25,North,Enterprise
S000028,2024-09-30,C1119,P144,1,89.2,48.97,South,Enterprise
S000029,2024-03-14,C1081,P138,5,365.72,302.69,North,Corporate
S000030,2024-06-24,C1093,P134,7,451.2,360.02,East,Enterprise
S000031,2024-09-07,C1059,P110,7,29.98,24.35,South,SMB
S000032,2025-01-23,C1118,P117,5,95.44,71.85,North,SMB
S000033,2024-08-12,C1041,P143,6,51.23,43.37,North,Corporate
S000034,2024-02-27,C1105,P114,5,260.93,183.15,Central,Consumer
S000035,2024-02-02,C1040,P151,7,88.8,53.52,West,Corporate
S000036,2025-02-14,C1008,P117,3,95.44,71.85,East,Enterprise
S000037,2024-08-04,C1072,P158,4,169.45,132.07,Central,SMB
S000038,2024-11-18,C1083,P113,2,18.13,12.25,Central,Corporate
S000039,2025-05-26,C1113,P125,3,439.9,276.94,East,Corporate
S000040,2025-04-14,C1033,P109,5,101.39,64.65,North,Consumer
S000041,2024-05-22,C1095,P115,6,120.98,81.35,East,SMB
S000042,2024-09-26,C1074,P147,1,14.51,11.01,Central,Corporate
S000043,2025-03-14,C1074,P157,5,126.25,85.29,Central,Corporate
S000044,2025-02-12,C1028,P123,6,65.6,54.7,West,Corporate
S000045,2024-05-21,C1063,P132,4,55.62,33.54,South,SMB
S000046,2024-04-03,C1006,P148,5,59.72,44.43,East,SMB
S000047,2024-04-22,C1080,P109,7,101.39,64.65,Central,Consumer
S000048,2024-06-12,C1087,P150,1,12.48,7.81,North,SMB
S000049,2025-03-08,C1008,P138,6,365.72,302.69,East,Enterprise
S000050,2025-01-29,C1076,P124,6,463.1,379.84,North,Enterprise
S000051,2025-04-24,C1032,P133,6,449.64,285.42,West,Consumer
S000052,2024-01-12,C1092,P143,4,51.23,43.37,East,Consumer
S000053,2024-04-27,C1113,P143,5,51.23,43.37,East,Corporate
S000054,2024-09-30,C1082,P149,4,335.12,249.95,Central,Consumer
S000055,2024-12-14,C1037,P107,2,419.3,245.46,Central,Enterprise
S000056,2025-03-21,C1058,P110,2,29.98,24.35,West,Consumer
S000057,2024-01-04,C1112,P146,5,307.15,247.89,Central,Enterprise
S000058,2024-09-26,C1097,P132,7,55.62,33.54,South,Corporate
S000059,2024-07-01,C1116,P132,4,55.62,33.54,South,Enterprise
S000060,2024-04-18,C1080,P155,1,119.89,98.27,Central,Consumer
S000061,2024-11-01,C1081,P153,6,349.03,273.48,North,Corporate
S000062,2025-06-03,C1025,P138,6,365.72,302.69,East,SMB
S000063,2024-06-05,C1097,P123,5,65.6,54.7,South,Corporate
S000064,2024-06-14,C1099,P134,7,451.2,360.02,North,Enterprise
S000065,2025-06-27,C1000,P158,2,169.45,132.07,West,Corporate
S000066,2024-11-27,C1002,P131,2,128.51,102.62,East,Consumer
S000067,2024-04-24,C1046,P159,6,375.78,273.38,South,Enterprise
S000068,2024-11-10,C1007,P115,5,120.98,81.35,East,Consumer
S000069,2024-09-03,C1072,P156,4,358.97,243.73,Central,SMB
S000070,2024-03-21,C1093,P105,2,272.53,171.34,East,Enterprise
S000071,2025-05-12,C1008,P152,4,278.88,218.44,East,Enterprise
S000072,2025-06-29,C1016,P149,7,335.12,249.95,West,Consumer
S000073,2024-05-11,C1060,P142,2,324.6,232.17,South,SMB
S000074,2024-06-18,C1067,P116,2,326.13,185.35,South,Consumer
S000075,2025-03-09,C1118,P113,3,18.13,12.25,North,SMB
S000076,2024-07-24,C1039,P145,2,450.29,306.84,South,Enterprise
S000077,2025-02-12,C1083,P142,1,324.6,232.17,Central,Corporate
S000078,2025-01-17,C1115,P128,5,410.44,266.73,Central,SMB
S000079,2025-06-13,C1015,P128,5,410.44,266.73,South,SMB
S000080,2024-09-10,C1008,P114,4,260.93,183.15,East,Enterprise
S000081,2024-12-12,C1075,P101,7,366.83,292.44,South,Enterprise
S000082,2024-08-23,C1028,P137,2,181.11,125.85,West,Corporate
S000083,2024-01-08,C1090,P104,1,320.43,170.72,East,Consumer
S000084,2024-03-01,C1008,P114,4,260.93,183.15,East,Enterprise
S000085,2024-02-02,C1042,P155,3,119.89,98.27,West,SMB
S000086,2024-03-13,C1030,P132,4,55.62,33.54,East,Consumer
S000087,2024-10-12,C1062,P142,4,324.6,232.17,Central,Enterprise
S000088,2024-08-07,C1016,P134,2,451.2,360.02,West,Consumer
S000089,2025-04-29,C1100,P115,3,120.98,81.35,West,Corporate
S000090,2025-04-29,C1052,P151,4,88.8,53.52,West,Consumer
S000091,2024-07-13,C1012,P106,1,54.24,32.16,Central,Corporate
S000092,2025-03-17,C1054,P122,1,177.12,146.86,East,Corporate
S000093,2025-02-24,C1110,P129,5,282.05,236.45,North,Enterprise
S000094,2024-02-25,C1083,P143,3,51.23,43.37,Central,Corporate
S000095,2024-04-10,C1051,P103,3,319.83,223.53,West,Consumer
S000096,2024-12-13,C1110,P151,5,88.8,53.52,North,Enterprise
S000097,2024-04-21,C1024,P115,4,120.98,81.35,North,SMB
S000098,2024-07-13,C1057,P134,3,451.2,360.02,South,Consumer
S000099,2024-05-23,C1023,P127,1,333.39,275.02,North,SMB
S000100,2024-10-12,C1031,P129,1,282.05,236.45,West,Corporate
S000101,2024-03-18,C1103,P128,2,410.44,266.73,South,Enterprise
S000102,2024-04-10,C1083,P103,3,319.83,223.53,Central,Corporate
S000103,2024-01-16,C1118,P105,4,272.53,171.34,North,SMB
S000104,2024-08-30,C1052,P110,5,29.98,24.35,West,Consumer
S000105,2025-05-12,C1027,P130,5,269.53,225.67,South,Enterprise
S000106,2025-02-14,C1007,P157,4,126.25,85.29,East,Consumer
S000107,2024-06-17,C1000,P124,7,463.1,379.84,West,Corporate
S000108,2025-02-03,C1118,P116,6,326.13,185.35,North,SMB
S000109,2025-04-10,C1054,P118,2,348.56,208.53,East,Corporate
S000110,2025-05-13,C1024,P109,5,101.39,64.65,North,SMB
S000111,2024-10-30,C1007,P113,3,18.13,12.25,East,Consumer
S000112,2024-03-03,C1040,P147,2,14.51,11.01,West,Corporate
S000113,2024-02-28,C1074,P103,3,319.83,223.53,Central,Corporate
S000114,2025-05-03,C1117,P132,7,55.62,33.54,East,SMB
S000115,2025-06-27,C1007,P110,1,29.98,24.35,East,Consumer
S000116,2025-06-04,C1108,P105,2,272.53,171.34,East,Corporate
S000117,2024-07-09,C1076,P104,5,320.43,170.72,North,Enterprise
S000118,2024-03-10,C1110,P143,2,51.23,43.37,North,Enterprise
S000119,2024-08-28,C1015,P125,2,439.9,276.94,South,SMB
S000120,2024-09-09,C1076,P137,2,181.11,125.85,North,Enterprise
S000121,2024-02-10,C1010,P139,6,449.58,334.32,West,Enterprise
S000122,2025-03-05,C1074,P142,2,324.6,232.17,Central,Corporate
S000123,2025-06-19,C1119,P120,3,469,340.45,South,Enterprise
S000124,2024-09-24,C1085,P113,1,18.13,12.25,North,Enterprise
S000125,2024-11-17,C1033,P115,7,120.98,81.35,North,Consumer
S000126,2025-02-09,C1085,P108,4,167.18,140.53,North,Enterprise
S000127,2024-11-03,C1040,P129,2,282.05,236.45,West,Corporate
S000128,2024-03-15,C1058,P100,5,126.44,91.97,West,Consumer
S000129,2024-04-12,C1068,P104,2,320.43,170.72,West,SMB
S000130,2024-08-06,C1033,P132,5,55.62,33.54,North,Consumer
S000131,2024-05-15,C1044,P159,3,375.78,273.38,South,Corporate
S000132,2024-03-11,C1031,P156,5,358.97,243.73,West,Corporate
S000133,2025-01-13,C1020,P118,4,348.56,208.53,South,Enterprise
S000134,2025-03-24,C1069,P153,1,349.03,273.48,West,Corporate
S000135,2024-11-05,C1103,P139,5,449.58,334.32,South,Enterprise
S000136,2025-06-25,C1085,P100,5,126.44,91.97,North,Enterprise
S000137,2024-11-02,C1084,P159,1,375.78,273.38,North,Enterprise
S000138,2024-04-16,C1017,P156,4,358.97,243.73,Central,SMB
S000139,2024-09-27,C1113,P107,2,419.3,245.46,East,Corporate
S000140,2024-04-19,C1070,P147,5,14.51,11.01,North,Enterprise
S000141,2024-06-08,C1036,P117,1,95.44,71.85,East,Enterprise
S000142,2024-08-03,C1043,P145,3,450.29,306.84,South,Enterprise
S000143,2024-07-27,C1081,P143,1,51.23,43.37,North,Corporate
S000144,2024-09-27,C1062,P132,3,55.62,33.54,Central,Enterprise
S000145,2024-09-14,C1116,P157,4,126.25,85.29,South,Enterprise
S000146,2024-02-22,C1081,P105,2,272.53,171.34,North,Corporate
S000147,2025-03-09,C1035,P153,1,349.03,273.48,Central,Enterprise
S000148,2024-02-15,C1042,P100,7,126.44,91.97,West,SMB
S000149,2024-05-13,C1033,P140,7,444.67,311.06,North,Consumer
S000150,2024-06-14,C1056,P147,6,14.51,11.01,West,Enterprise
S000151,2025-03-13,C1001,P135,5,320.22,195.63,Central,Enterprise
S000152,2024-04-24,C1113,P104,4,320.43,170.72,East,Corporate
S000153,2024-06-01,C1004,P134,1,451.2,360.02,Central,SMB
S000154,2025-01-13,C1070,P137,7,181.11,125.85,North,Enterprise
S000155,2024-05-31,C1016,P127,5,333.39,275.02,West,Consumer
S000156,2024-02-12,C1046,P119,7,199.5,101.45,South,Enterprise
S000157,2024-02-10,C1045,P157,1,126.25,85.29,North,SMB
S000158,2024-08-03,C1031,P143,3,51.23,43.37,West,Corporate
S000159,2024-04-15,C1099,P122,1,177.12,146.86,North,Enterprise
S000160,2025-02-20,C1095,P139,6,449.58,334.32,East,SMB
S000161,2024-06-07,C1119,P159,1,375.78,273.38,South,Enterprise
S000162,2024-08-30,C1020,P155,1,119.89,98.27,South,Enterprise
S000163,2024-06-30,C1052,P156,6,358.97,243.73,West,Consumer
S000164,2024-01-26,C1094,P111,4,299.54,215.94,North,Consumer
S000165,2024-12-06,C1119,P150,1,12.48,7.81,South,Enterprise
S000166,2025-02-25,C1085,P151,6,88.8,53.52,North,Enterprise
S000167,2024-09-11,C1020,P117,5,95.44,71.85,South,Enterprise
S000168,2024-04-20,C1111,P124,3,463.1,379.84,East,Corporate
S000169,2024-02-09,C1060,P154,3,329.46,264.71,South,SMB
S000170,2024-08-15,C1104,P112,1,342.01,266.14,North,Consumer
S000171,2025-04-16,C1039,P122,4,177.12,146.86,South,Enterprise
S000172,2024-08-21,C1003,P114,4,260.93,183.15,Central,SMB
S000173,2024-07-16,C1042,P125,5,439.9,276.94,West,SMB
S000174,2024-10-12,C1008,P155,1,119.89,98.27,East,Enterprise
S000175,2024-10-12,C1082,P122,3,177.12,146.86,Central,Consumer
S000176,2025-06-05,C1086,P125,4,439.9,276.94,North,Corporate
S000177,2024-12-05,C1014,P101,1,366.83,292.44,West,SMB
S000178,2024-09-24,C1074,P111,7,299.54,215.94,Central,Corporate
S000179,2024-09-28,C1013,P102,4,190.21,138.89,South,Consumer
S000180,2025-03-20,C1093,P122,6,177.12,146.86,East,Enterprise
S000181,2024-11-17,C1077,P127,7,333.39,275.02,West,Enterprise
S000182,2025-06-07,C1049,P107,4,419.3,245.46,West,Corporate
S000183,2024-07-13,C1005,P116,3,326.13,185.35,South,Enterprise
S000184,2025-03-22,C1066,P100,2,126.44,91.97,South,Consumer
S000185,2024-07-20,C1055,P123,7,65.6,54.7,North,Consumer
S000186,2024-03-12,C1117,P142,5,324.6,232.17,East,SMB
S000187,2024-12-04,C1040,P139,5,449.58,334.32,West,Corporate
S000188,2024-05-07,C1115,P146,3,307.15,247.89,Central,SMB
S000189,2024-11-03,C1039,P132,4,55.62,33.54,South,Enterprise
S000190,2025-02-22,C1051,P120,1,469,340.45,West,Consumer
S000191,2024-10-29,C1016,P135,4,320.22,195.63,West,Consumer
S000192,2024-07-15,C1085,P126,3,136.39,68.93,North,Enterprise
S000193,2025-01-23,C1095,P143,5,51.23,43.37,East,SMB
S000194,2024-06-27,C1072,P139,4,449.58,334.32,Central,SMB
S000195,2024-11-04,C1070,P125,5,439.9,276.94,North,Enterprise
S000196,2024-01-01,C1036,P119,7,199.5,101.45,East,Enterprise
S000197,2024-08-03,C1100,P127,1,333.39,275.02,West,Corporate
S000198,2024-11-25,C1056,P129,7,282.05,236.45,West,Enterprise
S000199,2025-03-28,C1027,P143,5,51.23,43.37,South,Enterprise
S000200,2025-06-07,C1101,P130,5,269.53,225.67,North,SMB
S000201,2024-06-22,C1010,P142,2,324.6,232.17,West,Enterprise
S000202,2024-10-17,C1084,P132,2,55.62,33.54,North,Enterprise
S000203,2024-12-09,C1104,P105,7,272.53,171.34,North,Consumer
S000204,2024-08-28,C1039,P143,6,51.23,43.37,South,Enterprise
S000205,2024-08-18,C1025,P151,7,88.8,53.52,East,SMB
S000206,2024-05-30,C1005,P101,2,366.83,292.44,South,Enterprise
S000207,2024-09-07,C1078,P130,5,269.53,225.67,West,Consumer
S000208,2024-03-15,C1053,P129,3,282.05,236.45,Central,SMB
S000209,2024-07-18,C1089,P145,7,450.29,306.84,East,SMB
S000210,2025-01-28,C1051,P131,5,128.51,102.62,West,Consumer
S000211,2024-09-06,C1083,P109,3,101.39,64.65,Central,Corporate
S000212,2024-01-06,C1096,P157,3,126.25,85.29,Central,Consumer
S000213,2024-04-19,C1054,P149,2,335.12,249.95,East,Corporate
S000214,2024-08-12,C1102,P111,7,299.54,215.94,West,Consumer
S000215,2025-06-14,C1006,P129,4,282.05,236.45,East,SMB
S000216,2024-09-12,C1108,P158,1,169.45,132.07,East,Corporate
S000217,2024-05-04,C1017,P129,2,282.05,236.45,Central,SMB
S000218,2025-04-20,C1067,P142,2,324.6,232.17,South,Consumer
S000219,2024-11-20,C1114,P148,4,59.72,44.43,North,Enterprise
S000220,2025-03-29,C1104,P139,1,449.58,334.32,North,Consumer
S000221,2025-05-31,C1106,P127,5,333.39,275.02,East,SMB
S000222,2025-04-01,C1020,P157,6,126.25,85.29,South,Enterprise
S000223,2025-05-01,C1033,P128,7,410.44,266.73,North,Consumer
S000224,2024-09-10,C1081,P153,6,349.03,273.48,North,Corporate
S000225,2024-10-10,C1099,P149,5,335.12,249.95,North,Enterprise
S000226,2025-06-17,C1080,P131,2,128.51,102.62,Central,Consumer
S000227,2024-09-01,C1056,P117,1,95.44,71.85,West,Enterprise
S000228,2024-03-20,C1036,P145,2,450.29,306.84,East,Enterprise
S000229,2024-08-28,C1042,P117,3,95.44,71.85,West,SMB
S000230,2024-11-23,C1069,P157,2,126.25,85.29,West,Corporate
S000231,2024-03-23,C1019,P108,2,167.18,140.53,West,Consumer
S000232,2024-08-24,C1088,P124,5,463.1,379.84,West,Corporate
S000233,2024-06-05,C1027,P145,5,450.29,306.84,South,Enterprise
S000234,2024-03-06,C1052,P126,5,136.39,68.93,West,Consumer
S000235,2024-12-04,C1059,P134,6,451.2,360.02,South,SMB
S000236,2025-03-01,C1026,P103,3,319.83,223.53,East,Corporate
S000237,2025-03-06,C1115,P124,5,463.1,379.84,Central,SMB
S000238,2024-01-21,C1112,P154,1,329.46,264.71,Central,Enterprise
S000239,2025-01-24,C1000,P130,6,269.53,225.67,West,Corporate
S000240,2024-12-26,C1096,P119,4,199.5,101.45,Central,Consumer
S000241,2025-02-03,C1114,P154,1,329.46,264.71,North,Enterprise
S000242,2025-03-05,C1095,P134,7,451.2,360.02,East,SMB
S000243,2024-08-13,C1028,P131,7,128.51,102.62,West,Corporate
S000244,2024-10-06,C1062,P127,1,333.39,275.02,Central,Enterprise
S000245,2024-01-30,C1043,P124,5,463.1,379.84,South,Enterprise
S000246,2025-02-18,C1021,P146,4,307.15,247.89,Central,Consumer
S000247,2025-04-23,C1016,P158,4,169.45,132.07,West,Consumer
S000248,2025-06-30,C1116,P101,6,366.83,292.44,South,Enterprise
S000249,2025-02-07,C1072,P137,4,181.11,125.85,Central,SMB
S000250,2024-01-28,C1082,P105,7,272.53,171.34,Central,Consumer
S000251,2025-03-14,C1110,P108,3,167.18,140.53,North,Enterprise
S000252,2025-04-17,C1006,P111,5,299.54,215.94,East,SMB
S000253,2024-09-23,C1041,P124,4,463.1,379.84,North,Corporate
S000254,2024-08-04,C1041,P129,6,282.05,236.45,North,Corporate
S000255,2024-12-11,C1112,P148,7,59.72,44.43,Central,Enterprise
S000256,2025-01-23,C1096,P117,3,95.44,71.85,Central,Consumer
S000257,2025-03-07,C1106,P116,2,326.13,185.35,East,SMB
S000258,2024-03-24,C1002,P130,2,269.53,225.67,East,Consumer
S000259,2024-02-23,C1028,P122,3,177.12,146.86,West,Corporate
S000260,2024-03-11,C1083,P149,7,335.12,249.95,Central,Corporate
S000261,2024-02-11,C1003,P148,6,59.72,44.43,Central,SMB
S000262,2024-09-10,C1107,P112,3,342.01,266.14,West,Corporate
S000263,2024-01-21,C1019,P139,5,449.58,334.32,West,Consumer
S000264,2024-09-01,C1060,P108,5,167.18,140.53,South,SMB
S000265,2024-04-27,C1027,P136,2,176.12,98.51,South,Enterprise
S000266,2025-04-21,C1032,P144,4,89.2,48.97,West,Consumer
S000267,2025-01-12,C1077,P110,6,29.98,24.35,West,Enterprise
S000268,2024-04-27,C1104,P149,2,335.12,249.95,North,Consumer
S000269,2024-06-16,C1013,P119,4,199.5,101.45,South,Consumer
S000270,2024-01-27,C1039,P159,4,375.78,273.38,South,Enterprise
S000271,2025-01-19,C1091,P125,5,439.9,276.94,North,Consumer
S000272,2024-07-22,C1075,P104,7,320.43,170.72,South,Enterprise
S000273,2024-09-05,C1089,P106,1,54.24,32.16,East,SMB
S000274,2024-11-04,C1087,P154,7,329.46,264.71,North,SMB
S000275,2024-05-03,C1072,P150,1,12.48,7.81,Central,SMB
S000276,2024-02-12,C1068,P122,3,177.12,146.86,West,SMB
S000277,2025-03-14,C1047,P142,5,324.6,232.17,Central,Consumer
S000278,2024-03-11,C1082,P132,4,55.62,33.54,Central,Consumer
S000279,2024-12-15,C1108,P100,6,126.44,91.97,East,Corporate
S000280,2025-03-06,C1062,P152,1,278.88,218.44,Central,Enterprise
S000281,2024-04-18,C1046,P127,7,333.39,275.02,South,Enterprise
S000282,2025-04-15,C1019,P145,4,450.29,306.84,West,Consumer
S000283,2025-03-21,C1093,P111,1,299.54,215.94,East,Enterprise
S000284,2025-06-18,C1034,P141,1,392.14,209.41,East,Corporate
S000285,2025-05-10,C1055,P129,1,282.05,236.45,North,Consumer
S000286,2024-10-01,C1109,P120,6,469,340.45,East,Consumer
S000287,2024-09-08,C1119,P153,5,349.03,273.48,South,Enterprise
S000288,2024-03-29,C1112,P117,6,95.44,71.85,Central,Enterprise
S000289,2025-04-06,C1096,P115,2,120.98,81.35,Central,Consumer
S000290,2025-04-20,C1078,P136,4,176.12,98.51,West,Consumer
S000291,2025-01-23,C1003,P121,5,77.39,43.49,Central,SMB
S000292,2025-05-21,C1041,P154,5,329.46,264.71,North,Corporate
S000293,2024-07-05,C1027,P131,5,128.51,102.62,South,Enterprise
S000294,2024-12-29,C1033,P151,7,88.8,53.52,North,Consumer
S000295,2024-12-14,C1112,P117,5,95.44,71.85,Central,Enterprise
S000296,2024-10-09,C1001,P135,6,320.22,195.63,Central,Enterprise
S000297,2025-06-13,C1010,P112,5,342.01,266.14,West,Enterprise
S000298,2024-09-04,C1052,P146,3,307.15,247.89,West,Consumer
S000299,2025-05-15,C1097,P135,4,320.22,195.63,South,Corporate
S000300,2024-09-03,C1060,P144,5,89.2,48.97,South,SMB
S000301,2025-05-17,C1101,P128,4,410.44,266.73,North,SMB
S000302,2024-01-18,C1037,P105,3,272.53,171.34,Central,Enterprise
S000303,2024-08-14,C1088,P125,3,439.9,276.94,West,Corporate
S000304,2024-09-06,C1084,P119,4,199.5,101.45,North,Enterprise
S000305,2025-01-12,C1070,P130,1,269.53,225.67,North,Enterprise
S000306,2025-06-27,C1054,P122,2,177.12,146.86,East,Corporate
S000307,2024-12-04,C1089,P122,7,177.12,146.86,East,SMB
S000308,2025-04-09,C1039,P117,1,95.44,71.85,South,Enterprise
S000309,2024-09-14,C1015,P114,1,260.93,183.15,South,SMB
S000310,2024-07-16,C1015,P120,6,469,340.45,South,SMB
S000311,2024-07-08,C1027,P112,7,342.01,266.14,South,Enterprise
S000312,2025-05-10,C1092,P117,7,95.44,71.85,East,Consumer
S000313,2025-06-21,C1036,P138,1,365.72,302.69,East,Enterprise
S000314,2024-04-12,C1024,P153,5,349.03,273.48,North,SMB
S000315,2024-10-30,C1046,P114,6,260.93,183.15,South,Enterprise
S000316,2024-07-02,C1001,P119,6,199.5,101.45,Central,Enterprise
S000317,2025-06-30,C1035,P108,3,167.18,140.53,Central,Enterprise
S000318,2024-02-16,C1070,P103,7,319.83,223.53,North,Enterprise
S000319,2024-10-26,C1016,P144,1,89.2,48.97,West,Consumer
S000320,2025-05-17,C1111,P106,3,54.24,32.16,East,Corporate
S000321,2024-01-13,C1036,P136,4,176.12,98.51,East,Enterprise
S000322,2025-04-25,C1056,P130,2,269.53,225.67,West,Enterprise
S000323,2024-12-14,C1006,P111,6,299.54,215.94,East,SMB
S000324,2024-09-15,C1061,P155,4,119.89,98.27,West,Corporate
S000325,2024-04-26,C1008,P152,4,278.88,218.44,East,Enterprise
S000326,2025-02-14,C1009,P131,5,128.51,102.62,Central,Consumer
S000327,2024-02-24,C1019,P109,2,101.39,64.65,West,Consumer
S000328,2024-11-07,C1031,P105,4,272.53,171.34,West,Corporate
S000329,2024-05-01,C1097,P135,4,320.22,195.63,South,Corporate
S000330,2025-03-02,C1076,P138,2,365.72,302.69,North,Enterprise
S000331,2024-08-19,C1066,P149,2,335.12,249.95,South,Consumer
S000332,2025-01-24,C1116,P128,4,410.44,266.73,South,Enterprise
S000333,2025-03-29,C1110,P119,2,199.5,101.45,North,Enterprise
S000334,2025-03-15,C1072,P119,4,199.5,101.45,Central,SMB
S000335,2024-03-02,C1094,P139,4,449.58,334.32,North,Consumer
S000336,2024-04-11,C1026,P148,5,59.72,44.43,East,Corporate
S000337,2024-08-04,C1084,P116,1,326.13,185.35,North,Enterprise
S000338,2024-03-24,C1030,P110,4,29.98,24.35,East,Consumer
S000339,2024-06-26,C1009,P135,3,320.22,195.63,Central,Consumer
S000340,2024-06-09,C1052,P100,6,126.44,91.97,West,Consumer
S000341,2025-04-06,C1076,P144,7,89.2,48.97,North,Enterprise
S000342,2025-04-26,C1004,P118,1,348.56,208.53,Central,SMB
S000343,2024-08-25,C1090,P118,1,348.56,208.53,East,Consumer
S000344,2024-10-16,C1110,P144,1,89.2,48.97,North,Enterprise
S000345,2025-04-09,C1087,P104,5,320.43,170.72,North,SMB
S000346,2024-08-27,C1033,P159,4,375.78,273.38,North,Consumer
S000347,2024-07-21,C1014,P127,5,333.39,275.02,West,SMB
S000348,2024-08-18,C1019,P141,4,392.14,209.41,West,Consumer
S000349,2024-09-29,C1018,P152,5,278.88,218.44,North,SMB
S000350,2024-03-14,C1021,P103,5,319.83,223.53,Central,Consumer
S000351,2024-11-10,C1095,P138,6,365.72,302.69,East,SMB
S000352,2024-10-22,C1015,P128,3,410.44,266.73,South,SMB
S000353,2025-04-24,C1038,P144,5,89.2,48.97,North,Enterprise
S000354,2025-02-16,C1064,P117,6,95.44,71.85,South,Consumer
S000355,2025-05-20,C1010,P128,2,410.44,266.73,West,Enterprise
S000356,2024-02-10,C1055,P156,3,358.97,243.73,North,Consumer
S000357,2024-11-26,C1032,P138,5,365.72,302.69,West,Consumer
S000358,2024-01-27,C1029,P105,7,272.53,171.34,West,Corporate
S000359,2024-01-22,C1086,P148,1,59.72,44.43,North,Corporate
S000360,2024-10-02,C1005,P136,2,176.12,98.51,South,Enterprise
S000361,2024-06-28,C1066,P130,2,269.53,225.67,South,Consumer
S000362,2025-03-28,C1035,P158,6,169.45,132.07,Central,Enterprise
S000363,2024-07-04,C1055,P137,2,181.11,125.85,North,Consumer
S000364,2025-05-18,C1060,P105,3,272.53,171.34,South,SMB
S000365,2024-12-22,C1042,P126,5,136.39,68.93,West,SMB
S000366,2024-11-24,C1013,P142,5,324.6,232.17,South,Consumer
S000367,2024-06-13,C1052,P121,7,77.39,43.49,West,Consumer
S000368,2025-05-22,C1084,P118,1,348.56,208.53,North,Enterprise
S000369,2025-02-14,C1097,P152,6,278.88,218.44,South,Corporate
S000370,2024-02-07,C1011,P129,1,282.05,236.45,East,Enterprise
S000371,2024-11-18,C1041,P116,2,326.13,185.35,North,Corporate
S000372,2024-04-28,C1051,P149,7,335.12,249.95,West,Consumer
S000373,2025-06-10,C1000,P152,1,278.88,218.44,West,Corporate
S000374,2025-04-18,C1006,P126,3,136.39,68.93,East,SMB
S000375,2024-07-11,C1046,P133,5,449.64,285.42,South,Enterprise
S000376,2025-05-25,C1056,P140,2,444.67,311.06,West,Enterprise
S000377,2024-02-22,C1034,P113,7,18.13,12.25,East,Corporate
S000378,2024-05-14,C1036,P159,1,375.78,273.38,East,Enterprise
S000379,2025-03-24,C1089,P156,6,358.97,243.73,East,SMB
S000380,2025-05-11,C1003,P107,3,419.3,245.46,Central,SMB
S000381,2024-09-02,C1020,P145,3,450.29,306.84,South,Enterprise
S000382,2024-11-14,C1001,P135,1,320.22,195.63,Central,Enterprise
S000383,2025-02-21,C1028,P105,5,272.53,171.34,West,Corporate
S000384,2024-04-26,C1015,P129,1,282.05,236.45,South,SMB
S000385,2024-06-06,C1119,P131,2,128.51,102.62,South,Enterprise
S000386,2024-10-25,C1090,P132,1,55.62,33.54,East,Consumer
S000387,2024-10-06,C1106,P126,3,136.39,68.93,East,SMB
S000388,2025-05-09,C1031,P130,7,269.53,225.67,West,Corporate
S000389,2025-04-12,C1018,P135,1,320.22,195.63,North,SMB
S000390,2025-01-27,C1117,P112,5,342.01,266.14,East,SMB
S000391,2025-06-04,C1112,P147,7,14.51,11.01,Central,Enterprise
S000392,2024-05-19,C1008,P155,6,119.89,98.27,East,Enterprise
S000393,2024-10-09,C1101,P149,4,335.12,249.95,North,SMB
S000394,2025-02-28,C1119,P121,1,77.39,43.49,South,Enterprise
S000395,2025-06-03,C1105,P117,5,95.44,71.85,Central,Consumer
S000396,2024-01-03,C1092,P118,7,348.56,208.53,East,Consumer
S000397,2024-11-01,C1075,P153,5,349.03,273.48,South,Enterprise
S000398,2025-05-16,C1019,P155,6,119.89,98.27,West,Consumer
S000399,2025-04-02,C1061,P134,3,451.2,360.02,West,Corporate
S000400,2024-12-19,C1070,P121,5,77.39,43.49,North,Enterprise
S000401,2025-01-21,C1119,P129,7,282.05,236.45,South,Enterprise
S000402,2024-11-25,C1024,P155,5,119.89,98.27,North,SMB
S000403,2024-09-01,C1049,P136,5,176.12,98.51,West,Corporate
S000404,2024-08-27,C1099,P154,5,329.46,264.71,North,Enterprise
S000405,2025-02-24,C1040,P102,2,190.21,138.89,West,Corporate
S000406,2025-04-29,C1116,P145,2,450.29,306.84,South,Enterprise
S000407,2025-01-25,C1084,P124,3,463.1,379.84,North,Enterprise
S000408,2024-06-04,C1004,P131,1,128.51,102.62,Central,SMB
S000409,2024-05-09,C1075,P132,5,55.62,33.54,South,Enterprise
S000410,2024-12-05,C1012,P155,6,119.89,98.27,Central,Corporate
S000411,2025-03-26,C1067,P106,1,54.24,32.16,South,Consumer
S000412,2025-04-12,C1092,P100,6,126.44,91.97,East,Consumer
S000413,2024-05-27,C1111,P126,1,136.39,68.93,East,Corporate
S000414,2024-06-07,C1060,P104,3,320.43,170.72,South,SMB
S000415,2024-09-28,C1079,P121,5,77.39,43.49,West,Enterprise
S000416,2025-02-11,C1010,P141,5,392.14,209.41,West,Enterprise
S000417,2024-12-02,C1086,P154,4,329.46,264.71,North,Corporate
S000418,2025-06-30,C1040,P124,6,463.1,379.84,West,Corporate
S000419,2025-05-14,C1069,P155,1,119.89,98.27,West,Corporate
S000420,2024-02-06,C1008,P139,1,449.58,334.32,East,Enterprise
S000421,2024-08-28,C1087,P140,2,444.67,311.06,North,SMB
S000422,2024-10-21,C1095,P114,4,260.93,183.15,East,SMB
S000423,2024-04-02,C1012,P127,7,333.39,275.02,Central,Corporate
S000424,2024-04-12,C1021,P128,7,410.44,266.73,Central,Consumer
S000425,2024-11-02,C1003,P157,2,126.25,85.29,Central,SMB
S000426,2024-02-17,C1101,P120,2,469,340.45,North,SMB
S000427,2024-02-27,C1045,P118,2,348.56,208.53,North,SMB
S000428,2025-01-18,C1018,P127,6,333.39,275.02,North,SMB
S000429,2024-09-07,C1052,P133,6,449.64,285.42,West,Consumer
S000430,2024-07-03,C1022,P110,3,29.98,24.35,West,Enterprise
S000431,2024-03-21,C1111,P139,3,449.58,334.32,East,Corporate
S000432,2025-01-26,C1087,P139,2,449.58,334.32,North,SMB
S000433,2024-09-03,C1116,P131,4,128.51,102.62,South,Enterprise
S000434,2024-05-26,C1059,P114,1,260.93,183.15,South,SMB
S000435,2024-09-17,C1032,P129,6,282.05,236.45,West,Consumer
S000436,2024-01-10,C1102,P157,4,126.25,85.29,West,Consumer
S000437,2025-04-21,C1036,P157,5,126.25,85.29,East,Enterprise
S000438,2024-06-10,C1056,P104,6,320.43,170.72,West,Enterprise
S000439,2024-12-19,C1038,P137,6,181.11,125.85,North,Enterprise
S000440,2025-03-10,C1032,P144,3,89.2,48.97,West,Consumer
S000441,2025-04-12,C1038,P154,1,329.46,264.71,North,Enterprise
S000442,2024-07-22,C1109,P124,1,463.1,379.84,East,Consumer
S000443,2025-05-09,C1030,P106,7,54.24,32.16,East,Consumer
S000444,2025-01-25,C1045,P136,7,176.12,98.51,North,SMB
S000445,2024-10-29,C1037,P144,7,89.2,48.97,Central,Enterprise
S000446,2024-01-23,C1084,P153,7,349.03,273.48,North,Enterprise
S000447,2025-02-09,C1001,P117,5,95.44,71.85,Central,Enterprise
S000448,2024-02-20,C1077,P158,5,169.45,132.07,West,Enterprise
S000449,2025-05-23,C1115,P153,6,349.03,273.48,Central,SMB
S000450,2024-10-20,C1102,P149,2,335.12,249.95,West,Consumer
S000451,2024-08-23,C1102,P138,3,365.72,302.69,West,Consumer
S000452,2024-12-26,C1081,P114,3,260.93,183.15,North,Corporate
S000453,2024-07-13,C1032,P139,7,449.58,334.32,West,Consumer
S000454,2024-05-20,C1012,P140,6,444.67,311.06,Central,Corporate
S000455,2024-02-10,C1100,P119,4,199.5,101.45,West,Corporate
S000456,2025-03-27,C1074,P102,2,190.21,138.89,Central,Corporate
S000457,2025-01-08,C1016,P146,6,307.15,247.89,West,Consumer
S000458,2024-04-02,C1037,P158,2,169.45,132.07,Central,Enterprise
S000459,2024-11-30,C1053,P147,2,14.51,11.01,Central,SMB
S000460,2024-06-28,C1016,P112,2,342.01,266.14,West,Consumer
S000461,2025-01-09,C1064,P133,6,449.64,285.42,South,Consumer
S000462,2024-10-06,C1021,P153,7,349.03,273.48,Central,Consumer
S000463,2024-09-20,C1105,P158,3,169.45,132.07,Central,Consumer
S000464,2025-05-08,C1037,P151,3,88.8,53.52,Central,Enterprise
S000465,2024-12-12,C1014,P151,7,88.8,53.52,West,SMB
S000466,2025-04-24,C1018,P104,2,320.43,170.72,North,SMB
S000467,2024-08-19,C1086,P155,4,119.89,98.27,North,Corporate
S000468,2025-02-10,C1102,P154,1,329.46,264.71,West,Consumer
S000469,2025-01-09,C1101,P105,6,272.53,171.34,North,SMB
S000470,2025-02-08,C1033,P100,1,126.44,91.97,North,Consumer
S000471,2024-05-06,C1047,P129,7,282.05,236.45,Central,Consumer
S000472,2024-09-25,C1048,P137,4,181.11,125.85,South,SMB
S000473,2025-01-15,C1086,P106,6,54.24,32.16,North,Corporate
S000474,2024-08-27,C1003,P130,7,269.53,225.67,Central,SMB
S000475,2024-12-01,C1078,P158,2,169.45,132.07,West,Consumer
S000476,2024-08-14,C1008,P141,3,392.14,209.41,East,Enterprise
S000477,2025-04-20,C1089,P158,1,169.45,132.07,East,SMB
S000478,2024-11-05,C1052,P141,5,392.14,209.41,West,Consumer
S000479,2024-04-29,C1005,P108,5,167.18,140.53,South,Enterprise
S000480,2024-02-08,C1063,P119,4,199.5,101.45,South,SMB
S000481,2024-04-28,C1030,P106,2,54.24,32.16,East,Consumer
S000482,2024-05-18,C1058,P124,1,463.1,379.84,West,Consumer
S000483,2025-01-14,C1095,P142,2,324.6,232.17,East,SMB
S000484,2025-03-05,C1095,P137,1,181.11,125.85,East,SMB
S000485,2024-06-07,C1053,P156,4,358.97,243.73,Central,SMB
S000486,2024-04-11,C1062,P153,4,349.03,273.48,Central,Enterprise
S000487,2025-02-21,C1004,P117,5,95.44,71.85,Central,SMB
S000488,2025-01-14,C1056,P113,2,18.13,12.25,West,Enterprise
S000489,2025-03-31,C1109,P115,6,120.98,81.35,East,Consumer
S000490,2025-01-06,C1087,P106,5,54.24,32.16,North,SMB
S000491,2025-01-11,C1115,P134,2,451.2,360.02,Central,SMB
S000492,2025-01-02,C1050,P103,5,319.83,223.53,West,Consumer
S000493,2024-10-09,C1015,P112,6,342.01,266.14,South,SMB
S000494,2025-04-10,C1084,P105,3,272.53,171.34,North,Enterprise
S000495,2024-08-05,C1081,P141,3,392.14,209.41,North,Corporate
S000496,2024-01-22,C1100,P103,3,319.83,223.53,West,Corporate
S000497,2024-12-07,C1016,P115,3,120.98,81.35,West,Consumer
S000498,2024-07-29,C1106,P104,7,320.43,170.72,East,SMB
S000499,2024-07-31,C1027,P137,1,181.11,125.85,South,Enterprise
S000500,2024-08-26,C1099,P121,7,77.39,43.49,North,Enterprise
S000501,2024-05-31,C1115,P150,7,12.48,7.81,Central,SMB
S000502,2024-01-03,C1109,P117,7,95.44,71.85,East,Consumer
S000503,2024-05-28,C1069,P108,3,167.18,140.53,West,Corporate
S000504,2024-09-13,C1022,P151,6,88.8,53.52,West,Enterprise
S000505,2024-04-22,C1110,P142,4,324.6,232.17,North,Enterprise
S000506,2024-01-27,C1001,P108,4,167.18,140.53,Central,Enterprise
S000507,2025-01-01,C1100,P150,1,12.48,7.81,West,Corporate
S000508,2024-08-31,C1041,P137,3,181.11,125.85,North,Corporate
S000509,2024-01-17,C1033,P111,3,299.54,215.94,North,Consumer
S000510,2024-02-23,C1094,P108,3,167.18,140.53,North,Consumer
S000511,2025-03-07,C1014,P133,5,449.64,285.42,West,SMB
S000512,2024-03-06,C1057,P130,2,269.53,225.67,South,Consumer
S000513,2025-01-05,C1075,P132,5,55.62,33.54,South,Enterprise
S000514,2024-04-21,C1064,P128,2,410.44,266.73,South,Consumer
S000515,2024-08-14,C1005,P139,3,449.58,334.32,South,Enterprise
S000516,2025-06-17,C1058,P119,3,199.5,101.45,West,Consumer
S000517,2024-02-01,C1061,P103,5,319.83,223.53,West,Corporate
S000518,2025-02-15,C1087,P127,5,333.39,275.02,North,SMB
S000519,2024-04-20,C1091,P131,2,128.51,102.62,North,Consumer
S000520,2025-03-30,C1115,P104,4,320.43,170.72,Central,SMB
S000521,2024-03-23,C1077,P120,2,469,340.45,West,Enterprise
S000522,2024-05-31,C1016,P104,5,320.43,170.72,West,Consumer
S000523,2024-10-08,C1081,P139,6,449.58,334.32,North,Corporate
S000524,2024-11-28,C1076,P124,5,463.1,379.84,North,Enterprise
S000525,2025-06-27,C1058,P118,6,348.56,208.53,West,Consumer
S000526,2025-06-01,C1055,P138,1,365.72,302.69,North,Consumer
S000527,2024-04-11,C1089,P150,5,12.48,7.81,East,SMB
S000528,2024-04-27,C1083,P154,1,329.46,264.71,Central,Corporate
S000529,2024-08-08,C1057,P127,4,333.39,275.02,South,Consumer
S000530,2024-08-21,C1043,P126,2,136.39,68.93,South,Enterprise
S000531,2025-04-09,C1053,P125,6,439.9,276.94,Central,SMB
S000532,2024-04-07,C1054,P120,2,469,340.45,East,Corporate
S000533,2024-11-16,C1032,P142,1,324.6,232.17,West,Consumer
S000534,2025-01-18,C1087,P109,6,101.39,64.65,North,SMB
S000535,2025-04-30,C1011,P104,2,320.43,170.72,East,Enterprise
S000536,2024-03-28,C1055,P105,5,272.53,171.34,North,Consumer
S000537,2024-04-08,C1094,P147,3,14.51,11.01,North,Consumer
S000538,2025-01-16,C1016,P151,1,88.8,53.52,West,Consumer
S000539,2024-03-02,C1071,P137,2,181.11,125.85,Central,Enterprise
S000540,2024-12-03,C1015,P142,1,324.6,232.17,South,SMB
S000541,2025-02-24,C1111,P122,7,177.12,146.86,East,Corporate
S000542,2025-03-09,C1117,P155,1,119.89,98.27,East,SMB
S000543,2024-02-22,C1076,P118,6,348.56,208.53,North,Enterprise
S000544,2024-11-15,C1013,P122,7,177.12,146.86,South,Consumer
S000545,2025-06-03,C1019,P113,6,18.13,12.25,West,Consumer
S000546,2025-05-08,C1108,P114,3,260.93,183.15,East,Corporate
S000547,2024-04-20,C1108,P122,7,177.12,146.86,East,Corporate
S000548,2025-01-11,C1097,P107,5,419.3,245.46,South,Corporate
S000549,2024-10-12,C1028,P136,1,176.12,98.51,West,Corporate
S000550,2025-03-15,C1071,P154,2,329.46,264.71,Central,Enterprise
S000551,2024-01-27,C1118,P138,4,365.72,302.69,North,SMB
S000552,2024-09-30,C1023,P101,1,366.83,292.44,North,SMB
S000553,2024-10-06,C1097,P144,1,89.2,48.97,South,Corporate
S000554,2024-11-12,C1043,P158,3,169.45,132.07,South,Enterprise
S000555,2024-12-25,C1023,P100,5,126.44,91.97,North,SMB
S000556,2024-05-26,C1084,P136,4,176.12,98.51,North,Enterprise
S000557,2025-02-14,C1018,P104,7,320.43,170.72,North,SMB
S000558,2024-02-01,C1095,P105,7,272.53,171.34,East,SMB
S000559,2025-06-27,C1048,P113,7,18.13,12.25,South,SMB
S000560,2025-03-05,C1043,P129,6,282.05,236.45,South,Enterprise
S000561,2024-06-10,C1039,P123,6,65.6,54.7,South,Enterprise
S000562,2024-11-28,C1072,P149,2,335.12,249.95,Central,SMB
S000563,2024-03-27,C1006,P156,4,358.97,243.73,East,SMB
S000564,2024-06-08,C1096,P110,7,29.98,24.35,Central,Consumer
S000565,2024-02-20,C1010,P143,6,51.23,43.37,West,Enterprise
S000566,2024-10-05,C1084,P128,2,410.44,266.73,North,Enterprise
S000567,2025-03-10,C1077,P131,5,128.51,102.62,West,Enterprise
S000568,2025-03-28,C1034,P126,2,136.39,68.93,East,Corporate
S000569,2024-08-08,C1065,P148,6,59.72,44.43,West,Corporate
S000570,2024-04-26,C1055,P122,3,177.12,146.86,North,Consumer
S000571,2024-04-23,C1086,P118,3,348.56,208.53,North,Corporate
S000572,2025-05-13,C1085,P133,7,449.64,285.42,North,Enterprise
S000573,2024-11-11,C1028,P102,3,190.21,138.89,West,Corporate
S000574,2025-02-08,C1007,P138,7,365.72,302.69,East,Consumer
S000575,2024-01-08,C1038,P113,7,18.13,12.25,North,Enterprise
S000576,2024-08-04,C1017,P149,6,335.12,249.95,Central,SMB
S000577,2024-09-18,C1041,P118,3,348.56,208.53,North,Corporate
S000578,2024-05-02,C1063,P100,7,126.44,91.97,South,SMB
S000579,2025-03-16,C1016,P111,4,299.54,215.94,West,Consumer
S000580,2025-01-24,C1090,P134,5,451.2,360.02,East,Consumer
S000581,2024-08-23,C1071,P132,2,55.62,33.54,Central,Enterprise
S000582,2024-12-28,C1050,P104,2,320.43,170.72,West,Consumer
S000583,2024-02-13,C1002,P127,6,333.39,275.02,East,Consumer
S000584,2025-04-15,C1009,P158,3,169.45,132.07,Central,Consumer
S000585,2024-11-16,C1054,P136,3,176.12,98.51,East,Corporate
S000586,2025-02-18,C1081,P145,7,450.29,306.84,North,Corporate
S000587,2025-03-03,C1014,P118,1,348.56,208.53,West,SMB
S000588,2025-02-18,C1041,P101,7,366.83,292.44,North,Corporate
S000589,2024-06-24,C1079,P151,5,88.8,53.52,West,Enterprise
S000590,2025-04-16,C1088,P153,4,349.03,273.48,West,Corporate
S000591,2025-01-05,C1055,P105,2,272.53,171.34,North,Consumer
S000592,2024-04-18,C1055,P115,7,120.98,81.35,North,Consumer
S000593,2025-02-14,C1010,P133,1,449.64,285.42,West,Enterprise
S000594,2025-02-09,C1039,P155,1,119.89,98.27,South,Enterprise
S000595,2024-12-13,C1042,P114,7,260.93,183.15,West,SMB
S000596,2024-06-21,C1065,P104,6,320.43,170.72,West,Corporate
S000597,2024-04-26,C1065,P133,2,449.64,285.42,West,Corporate
S000598,2024-07-17,C1099,P157,6,126.25,85.29,North,Enterprise
S000599,2024-12-23,C1093,P122,4,177.12,146.86,East,Enterprise
S000600,2024-05-31,C1013,P115,1,120.98,81.35,South,Consumer
S000601,2024-05-29,C1025,P116,1,326.13,185.35,East,SMB
S000602,2024-06-26,C1019,P138,5,365.72,302.69,West,Consumer
S000603,2024-03-18,C1098,P111,4,299.54,215.94,South,Corporate
S000604,2025-05-20,C1096,P129,1,282.05,236.45,Central,Consumer
S000605,2025-04-04,C1118,P143,4,51.23,43.37,North,SMB
S000606,2024-11-26,C1080,P155,2,119.89,98.27,Central,Consumer
S000607,2024-11-19,C1056,P109,3,101.39,64.65,West,Enterprise
S000608,2024-03-10,C1056,P130,1,269.53,225.67,West,Enterprise
S000609,2024-11-06,C1035,P150,5,12.48,7.81,Central,Enterprise
S000610,2024-02-27,C1064,P122,2,177.12,146.86,South,Consumer
S000611,2024-03-16,C1059,P119,7,199.5,101.45,South,SMB
S000612,2025-04-07,C1007,P102,4,190.21,138.89,East,Consumer
S000613,2025-01-12,C1036,P153,7,349.03,273.48,East,Enterprise
S000614,2024-03-19,C1110,P141,6,392.14,209.41,North,Enterprise
S000615,2024-04-02,C1076,P139,2,449.58,334.32,North,Enterprise
S000616,2025-06-03,C1059,P124,7,463.1,379.84,South,SMB
S000617,2024-02-12,C1116,P128,1,410.44,266.73,South,Enterprise
S000618,2024-07-11,C1077,P120,4,469,340.45,West,Enterprise
S000619,2025-05-02,C1019,P132,3,55.62,33.54,West,Consumer
S000620,2024-03-04,C1013,P128,2,410.44,266.73,South,Consumer
S000621,2024-12-17,C1010,P145,1,450.29,306.84,West,Enterprise
S000622,2025-05-31,C1022,P141,5,392.14,209.41,West,Enterprise
S000623,2024-02-10,C1090,P115,6,120.98,81.35,East,Consumer
S000624,2025-03-24,C1067,P128,4,410.44,266.73,South,Consumer
S000625,2025-06-19,C1020,P139,2,449.58,334.32,South,Enterprise
S000626,2025-01-07,C1117,P123,2,65.6,54.7,East,SMB
S000627,2024-10-16,C1052,P124,3,463.1,379.84,West,Consumer
S000628,2024-12-12,C1076,P143,3,51.23,43.37,North,Enterprise
S000629,2024-02-23,C1080,P150,5,12.48,7.81,Central,Consumer
S000630,2024-12-08,C1042,P104,6,320.43,170.72,West,SMB
S000631,2024-04-06,C1086,P135,5,320.22,195.63,North,Corporate
S000632,2025-01-30,C1032,P118,1,348.56,208.53,West,Consumer
S000633,2024-06-02,C1010,P121,1,77.39,43.49,West,Enterprise
S000634,2024-05-24,C1044,P158,5,169.45,132.07,South,Corporate
S000635,2024-11-13,C1089,P141,6,392.14,209.41,East,SMB
S000636,2025-02-05,C1076,P108,5,167.18,140.53,North,Enterprise
S000637,2024-03-27,C1071,P119,6,199.5,101.45,Central,Enterprise
S000638,2025-01-20,C1101,P141,6,392.14,209.41,North,SMB
S000639,2024-12-02,C1016,P152,7,278.88,218.44,West,Consumer
S000640,2025-06-23,C1082,P105,4,272.53,171.34,Central,Consumer
S000641,2025-03-09,C1046,P132,6,55.62,33.54,South,Enterprise
S000642,2024-01-19,C1039,P123,3,65.6,54.7,South,Enterprise
S000643,2024-07-03,C1043,P113,6,18.13,12.25,South,Enterprise
S000644,2025-05-12,C1028,P112,6,342.01,266.14,West,Corporate
S000645,2024-05-20,C1009,P109,6,101.39,64.65,Central,Consumer
S000646,2024-10-29,C1100,P154,7,329.46,264.71,West,Corporate
S000647,2024-04-13,C1098,P132,7,55.62,33.54,South,Corporate
S000648,2025-06-23,C1084,P102,1,190.21,138.89,North,Enterprise
S000649,2024-12-10,C1098,P156,7,358.97,243.73,South,Corporate
S000650,2024-05-14,C1048,P138,3,365.72,302.69,South,SMB
S000651,2024-06-06,C1023,P110,3,29.98,24.35,North,SMB
S000652,2024-06-18,C1056,P146,7,307.15,247.89,West,Enterprise
S000653,2024-02-14,C1046,P126,5,136.39,68.93,South,Enterprise
S000654,2024-08-31,C1078,P128,4,410.44,266.73,West,Consumer
S000655,2024-10-18,C1095,P148,7,59.72,44.43,East,SMB
S000656,2025-04-04,C1068,P114,6,260.93,183.15,West,SMB
S000657,2024-09-01,C1103,P119,2,199.5,101.45,South,Enterprise
S000658,2025-04-25,C1106,P157,4,126.25,85.29,East,SMB
S000659,2024-07-17,C1086,P123,4,65.6,54.7,North,Corporate
S000660,2025-03-27,C1098,P129,3,282.05,236.45,South,Corporate
S000661,2024-10-15,C1048,P149,4,335.12,249.95,South,SMB
S000662,2025-05-29,C1053,P133,7,449.64,285.42,Central,SMB
S000663,2024-06-14,C1025,P152,6,278.88,218.44,East,SMB
S000664,2024-05-21,C1032,P155,6,119.89,98.27,West,Consumer
S000665,2024-02-23,C1061,P141,1,392.14,209.41,West,Corporate
S000666,2025-01-15,C1119,P135,6,320.22,195.63,South,Enterprise
S000667,2024-04-15,C1108,P145,6,450.29,306.84,East,Corporate
S000668,2025-06-12,C1015,P154,3,329.46,264.71,South,SMB
S000669,2024-10-18,C1097,P105,6,272.53,171.34,South,Corporate
S000670,2024-06-13,C1057,P117,1,95.44,71.85,South,Consumer
S000671,2025-06-09,C1106,P109,2,101.39,64.65,East,SMB
S000672,2025-03-23,C1116,P105,7,272.53,171.34,South,Enterprise
S000673,2024-08-15,C1057,P152,3,278.88,218.44,South,Consumer
S000674,2024-12-23,C1003,P159,2,375.78,273.38,Central,SMB
S000675,2025-02-28,C1050,P103,3,319.83,223.53,West,Consumer
S000676,2025-05-29,C1030,P123,5,65.6,54.7,East,Consumer
S000677,2025-01-30,C1047,P105,4,272.53,171.34,Central,Consumer
S000678,2024-08-17,C1040,P101,5,366.83,292.44,West,Corporate
S000679,2024-04-11,C1091,P153,6,349.03,273.48,North,Consumer
S000680,2024-12-09,C1018,P150,2,12.48,7.81,North,SMB
S000681,2024-05-20,C1036,P102,6,190.21,138.89,East,Enterprise
S000682,2025-04-28,C1106,P144,4,89.2,48.97,East,SMB
S000683,2024-05-22,C1090,P148,3,59.72,44.43,East,Consumer
S000684,2025-04-25,C1078,P128,4,410.44,266.73,West,Consumer
S000685,2024-01-06,C1010,P157,1,126.25,85.29,West,Enterprise
S000686,2024-01-20,C1027,P116,4,326.13,185.35,South,Enterprise
S000687,2024-06-02,C1093,P135,1,320.22,195.63,East,Enterprise
S000688,2025-06-24,C1014,P127,4,333.39,275.02,West,SMB
S000689,2024-10-22,C1038,P115,7,120.98,81.35,North,Enterprise
S000690,2024-05-04,C1030,P103,1,319.83,223.53,East,Consumer
S000691,2025-03-05,C1101,P140,2,444.67,311.06,North,SMB
S000692,2025-04-13,C1014,P104,6,320.43,170.72,West,SMB
S000693,2025-05-26,C1068,P138,6,365.72,302.69,West,SMB
S000694,2024-01-17,C1065,P140,5,444.67,311.06,West,Corporate
S000695,2024-09-04,C1018,P145,6,450.29,306.84,North,SMB
S000696,2024-10-25,C1000,P127,3,333.39,275.02,West,Corporate
S000697,2024-12-27,C1073,P115,7,120.98,81.35,South,SMB
S000698,2025-03-02,C1085,P111,4,299.54,215.94,North,Enterprise
S000699,2024-03-28,C1046,P133,5,449.64,285.42,South,Enterprise
S000700,2024-03-10,C1069,P133,3,449.64,285.42,West,Corporate
S000701,2025-06-03,C1064,P150,3,12.48,7.81,South,Consumer
S000702,2024-01-21,C1111,P124,1,463.1,379.84,East,Corporate
S000703,2025-04-26,C1081,P102,6,190.21,138.89,North,Corporate
S000704,2025-01-31,C1032,P123,2,65.6,54.7,West,Consumer
S000705,2024-01-17,C1100,P122,2,177.12,146.86,West,Corporate
S000706,2024-03-10,C1030,P122,5,177.12,146.86,East,Consumer
S000707,2024-04-16,C1074,P149,7,335.12,249.95,Central,Corporate
S000708,2024-12-06,C1005,P108,2,167.18,140.53,South,Enterprise
S000709,2024-12-26,C1043,P134,4,451.2,360.02,South,Enterprise
S000710,2024-06-28,C1099,P153,2,349.03,273.48,North,Enterprise
S000711,2025-04-20,C1061,P144,5,89.2,48.97,West,Corporate
S000712,2024-07-05,C1017,P151,2,88.8,53.52,Central,SMB
S000713,2024-03-05,C1099,P145,4,450.29,306.84,North,Enterprise
S000714,2025-04-13,C1037,P102,1,190.21,138.89,Central,Enterprise
S000715,2024-07-25,C1101,P102,7,190.21,138.89,North,SMB
S000716,2024-07-23,C1005,P156,5,358.97,243.73,South,Enterprise
S000717,2024-11-19,C1039,P159,1,375.78,273.38,South,Enterprise
S000718,2025-06-11,C1104,P125,1,439.9,276.94,North,Consumer
S000719,2025-04-29,C1004,P116,1,326.13,185.35,Central,SMB
S000720,2024-07-14,C1045,P118,3,348.56,208.53,North,SMB
S000721,2024-02-18,C1083,P155,7,119.89,98.27,Central,Corporate
S000722,2024-12-05,C1015,P117,6,95.44,71.85,South,SMB
S000723,2025-01-11,C1113,P127,7,333.39,275.02,East,Corporate
S000724,2025-02-13,C1056,P147,3,14.51,11.01,West,Enterprise
S000725,2025-01-30,C1023,P121,6,77.39,43.49,North,SMB
S000726,2025-05-23,C1063,P144,7,89.2,48.97,South,SMB
S000727,2025-01-11,C1102,P159,1,375.78,273.38,West,Consumer
S000728,2025-06-15,C1102,P117,5,95.44,71.85,West,Consumer
S000729,2024-03-25,C1054,P146,6,307.15,247.89,East,Corporate
S000730,2024-03-21,C1077,P127,4,333.39,275.02,West,Enterprise
S000731,2024-07-03,C1037,P134,4,451.2,360.02,Central,Enterprise
S000732,2024-11-24,C1010,P106,2,54.24,32.16,West,Enterprise
S000733,2024-12-01,C1037,P142,6,324.6,232.17,Central,Enterprise
S000734,2024-11-09,C1077,P128,5,410.44,266.73,West,Enterprise
S000735,2025-03-12,C1088,P110,3,29.98,24.35,West,Corporate
S000736,2025-03-30,C1057,P122,1,177.12,146.86,South,Consumer
S000737,2024-02-13,C1111,P146,2,307.15,247.89,East,Corporate
S000738,2024-12-27,C1055,P139,4,449.58,334.32,North,Consumer
S000739,2024-10-08,C1101,P140,3,444.67,311.06,North,SMB
S000740,2024-02-28,C1085,P104,3,320.43,170.72,North,Enterprise
S000741,2025-02-19,C1065,P123,1,65.6,54.7,West,Corporate
S000742,2024-06-12,C1018,P101,6,366.83,292.44,North,SMB
S000743,2025-03-24,C1016,P102,4,190.21,138.89,West,Consumer
S000744,2024-03-09,C1099,P115,5,120.98,81.35,North,Enterprise
S000745,2025-01-10,C1049,P123,3,65.6,54.7,West,Corporate
S000746,2024-02-03,C1019,P138,1,365.72,302.69,West,Consumer
S000747,2025-04-05,C1047,P123,5,65.6,54.7,Central,Consumer
S000748,2025-03-30,C1009,P148,6,59.72,44.43,Central,Consumer
S000749,2024-05-20,C1046,P133,4,449.64,285.42,South,Enterprise
S000750,2025-02-11,C1083,P120,6,469,340.45,Central,Corporate
S000751,2024-10-12,C1014,P115,3,120.98,81.35,West,SMB
S000752,2024-01-27,C1023,P147,5,14.51,11.01,North,SMB
S000753,2025-05-26,C1049,P133,5,449.64,285.42,West,Corporate
S000754,2024-04-30,C1099,P116,5,326.13,185.35,North,Enterprise
S000755,2024-09-23,C1057,P145,3,450.29,306.84,South,Consumer
S000756,2024-08-07,C1036,P139,3,449.58,334.32,East,Enterprise
S000757,2025-05-17,C1015,P112,6,342.01,266.14,South,SMB
S000758,2024-05-18,C1009,P154,2,329.46,264.71,Central,Consumer
S000759,2025-04-07,C1115,P111,6,299.54,215.94,Central,SMB
S000760,2025-03-31,C1103,P105,4,272.53,171.34,South,Enterprise
S000761,2024-11-23,C1044,P142,1,324.6,232.17,South,Corporate
S000762,2024-03-07,C1069,P135,5,320.22,195.63,West,Corporate
S000763,2024-10-24,C1038,P157,2,126.25,85.29,North,Enterprise
S000764,2024-06-10,C1090,P145,1,450.29,306.84,East,Consumer
S000765,2024-06-27,C1046,P150,2,12.48,7.81,South,Enterprise
S000766,2025-06-04,C1015,P114,7,260.93,183.15,South,SMB
S000767,2024-07-24,C1017,P150,6,12.48,7.81,Central,SMB
S000768,2024-08-30,C1063,P150,3,12.48,7.81,South,SMB
S000769,2024-01-27,C1070,P123,5,65.6,54.7,North,Enterprise
S000770,2025-01-12,C1102,P129,6,282.05,236.45,West,Consumer
S000771,2024-05-12,C1113,P139,1,449.58,334.32,East,Corporate
S000772,2024-03-29,C1039,P104,7,320.43,170.72,South,Enterprise
S000773,2025-02-11,C1092,P145,7,450.29,306.84,East,Consumer
S000774,2025-05-05,C1052,P133,7,449.64,285.42,West,Consumer
S000775,2025-02-23,C1073,P152,1,278.88,218.44,South,SMB
S000776,2024-03-16,C1040,P108,1,167.18,140.53,West,Corporate
S000777,2024-03-16,C1059,P128,1,410.44,266.73,South,SMB
S000778,2025-06-13,C1016,P122,1,177.12,146.86,West,Consumer
S000779,2024-07-05,C1016,P149,7,335.12,249.95,West,Consumer
S000780,2025-03-19,C1116,P132,7,55.62,33.54,South,Enterprise
S000781,2024-02-26,C1015,P153,2,349.03,273.48,South,SMB
S000782,2025-06-14,C1038,P109,6,101.39,64.65,North,Enterprise
S000783,2024-06-17,C1041,P110,5,29.98,24.35,North,Corporate
S000784,2024-08-18,C1066,P122,3,177.12,146.86,South,Consumer
S000785,2024-10-17,C1010,P154,7,329.46,264.71,West,Enterprise
S000786,2024-09-13,C1081,P112,3,342.01,266.14,North,Corporate
S000787,2024-10-08,C1080,P108,6,167.18,140.53,Central,Consumer
S000788,2024-11-06,C1068,P139,6,449.58,334.32,West,SMB
S000789,2024-04-05,C1082,P132,3,55.62,33.54,Central,Consumer
S000790,2024-06-21,C1074,P137,7,181.11,125.85,Central,Corporate
S000791,2024-06-06,C1084,P110,3,29.98,24.35,North,Enterprise
S000792,2024-12-11,C1118,P153,2,349.03,273.48,North,SMB
S000793,2024-02-12,C1110,P152,4,278.88,218.44,North,Enterprise
S000794,2024-01-30,C1005,P105,7,272.53,171.34,South,Enterprise
S000795,2024-09-28,C1026,P141,7,392.14,209.41,East,Corporate
S000796,2025-03-02,C1081,P139,5,449.58,334.32,North,Corporate
S000797,2024-02-01,C1113,P131,1,128.51,102.62,East,Corporate
S000798,2024-10-23,C1038,P141,4,392.14,209.41,North,Enterprise
S000799,2025-05-09,C1103,P115,6,120.98,81.35,South,Enterprise
S000800,2025-02-19,C1058,P119,7,199.5,101.45,West,Consumer
S000801,2024-03-15,C1007,P144,3,89.2,48.97,East,Consumer
S000802,2024-06-10,C1053,P128,4,410.44,266.73,Central,SMB
S000803,2025-05-10,C1026,P129,5,282.05,236.45,East,Corporate
S000804,2024-12-14,C1018,P138,6,365.72,302.69,North,SMB
S000805,2024-11-16,C1091,P155,1,119.89,98.27,North,Consumer
S000806,2024-11-22,C1110,P146,1,307.15,247.89,North,Enterprise
S000807,2024-12-19,C1016,P125,5,439.9,276.94,West,Consumer
S000808,2025-01-14,C1071,P132,5,55.62,33.54,Central,Enterprise
S000809,2024-04-18,C1030,P120,3,469,340.45,East,Consumer
S000810,2025-04-22,C1034,P107,7,419.3,245.46,East,Corporate
S000811,2025-04-05,C1018,P115,1,120.98,81.35,North,SMB
S000812,2024-04-09,C1037,P103,6,319.83,223.53,Central,Enterprise
S000813,2025-01-28,C1078,P155,4,119.89,98.27,West,Consumer
S000814,2025-03-04,C1110,P115,6,120.98,81.35,North,Enterprise
S000815,2024-06-12,C1041,P152,2,278.88,218.44,North,Corporate
S000816,2024-11-16,C1097,P112,2,342.01,266.14,South,Corporate
S000817,2024-06-12,C1065,P131,5,128.51,102.62,West,Corporate
S000818,2025-04-23,C1112,P131,3,128.51,102.62,Central,Enterprise
S000819,2024-11-11,C1002,P131,2,128.51,102.62,East,Consumer
S000820,2024-04-02,C1064,P125,1,439.9,276.94,South,Consumer
S000821,2025-04-13,C1027,P115,6,120.98,81.35,South,Enterprise
S000822,2024-12-27,C1006,P103,6,319.83,223.53,East,SMB
S000823,2024-10-15,C1076,P131,5,128.51,102.62,North,Enterprise
S000824,2025-04-26,C1068,P118,7,348.56,208.53,West,SMB
S000825,2024-01-09,C1013,P154,7,329.46,264.71,South,Consumer
S000826,2025-03-17,C1112,P108,4,167.18,140.53,Central,Enterprise
S000827,2024-09-27,C1046,P146,5,307.15,247.89,South,Enterprise
S000828,2025-02-16,C1005,P123,4,65.6,54.7,South,Enterprise
S000829,2025-02-14,C1072,P103,7,319.83,223.53,Central,SMB
S000830,2024-07-18,C1070,P123,5,65.6,54.7,North,Enterprise
S000831,2024-10-22,C1049,P104,5,320.43,170.72,West,Corporate
S000832,2025-05-31,C1097,P128,5,410.44,266.73,South,Corporate
S000833,2024-10-13,C1079,P152,7,278.88,218.44,West,Enterprise
S000834,2024-05-01,C1012,P108,4,167.18,140.53,Central,Corporate
S000835,2025-02-07,C1101,P123,4,65.6,54.7,North,SMB
S000836,2024-12-13,C1046,P135,5,320.22,195.63,South,Enterprise
S000837,2024-05-27,C1077,P112,2,342.01,266.14,West,Enterprise
S000838,2025-06-05,C1064,P125,3,439.9,276.94,South,Consumer
S000839,2024-02-11,C1004,P102,7,190.21,138.89,Central,SMB
S000840,2024-05-20,C1042,P145,3,450.29,306.84,West,SMB
S000841,2025-04-30,C1058,P133,3,449.64,285.42,West,Consumer
S000842,2024-06-01,C1114,P138,4,365.72,302.69,North,Enterprise
S000843,2025-06-11,C1041,P108,4,167.18,140.53,North,Corporate
S000844,2024-11-22,C1050,P110,2,29.98,24.35,West,Consumer
S000845,2024-11-02,C1043,P137,3,181.11,125.85,South,Enterprise
S000846,2025-06-03,C1065,P153,3,349.03,273.48,West,Corporate
S000847,2025-06-29,C1090,P131,5,128.51,102.62,East,Consumer
S000848,2024-11-02,C1104,P130,4,269.53,225.67,North,Consumer
S000849,2024-01-18,C1042,P123,3,65.6,54.7,West,SMB
S000850,2024-04-22,C1074,P126,6,136.39,68.93,Central,Corporate
S000851,2024-11-11,C1115,P150,2,12.48,7.81,Central,SMB
S000852,2024-01-28,C1060,P138,6,365.72,302.69,South,SMB
S000853,2024-09-28,C1100,P141,6,392.14,209.41,West,Corporate
S000854,2024-08-21,C1006,P146,7,307.15,247.89,East,SMB
S000855,2025-05-06,C1067,P110,7,29.98,24.35,South,Consumer
S000856,2025-01-24,C1105,P109,2,101.39,64.65,Central,Consumer
S000857,2024-09-05,C1073,P102,6,190.21,138.89,South,SMB
S000858,2024-04-22,C1002,P112,3,342.01,266.14,East,Consumer
S000859,2025-03-27,C1053,P120,4,469,340.45,Central,SMB
S000860,2024-06-04,C1088,P126,2,136.39,68.93,West,Corporate
S000861,2024-07-27,C1064,P126,5,136.39,68.93,South,Consumer
S000862,2025-04-27,C1108,P155,6,119.89,98.27,East,Corporate
S000863,2024-03-04,C1017,P145,2,450.29,306.84,Central,SMB
S000864,2025-06-15,C1071,P113,1,18.13,12.25,Central,Enterprise
S000865,2024-11-28,C1061,P142,1,324.6,232.17,West,Corporate
S000866,2025-06-22,C1040,P124,7,463.1,379.84,West,Corporate
S000867,2024-06-26,C1116,P129,4,282.05,236.45,South,Enterprise
S000868,2025-06-29,C1069,P121,3,77.39,43.49,West,Corporate
S000869,2024-12-28,C1098,P143,4,51.23,43.37,South,Corporate
S000870,2024-09-27,C1061,P139,4,449.58,334.32,West,Corporate
S000871,2024-07-15,C1035,P115,4,120.98,81.35,Central,Enterprise
S000872,2024-11-01,C1038,P114,4,260.93,183.15,North,Enterprise
S000873,2024-10-22,C1026,P145,5,450.29,306.84,East,Corporate
S000874,2025-05-15,C1061,P120,5,469,340.45,West,Corporate
S000875,2024-12-23,C1119,P135,7,320.22,195.63,South,Enterprise
S000876,2024-10-07,C1015,P118,2,348.56,208.53,South,SMB
S000877,2025-01-23,C1050,P157,1,126.25,85.29,West,Consumer
S000878,2024-12-19,C1102,P149,4,335.12,249.95,West,Consumer
S000879,2024-05-29,C1005,P118,7,348.56,208.53,South,Enterprise
S000880,2024-10-21,C1010,P145,2,450.29,306.84,West,Enterprise
S000881,2024-12-20,C1056,P159,1,375.78,273.38,West,Enterprise
S000882,2024-09-19,C1061,P147,6,14.51,11.01,West,Corporate
S000883,2024-08-07,C1105,P112,3,342.01,266.14,Central,Consumer
S000884,2024-10-04,C1071,P159,5,375.78,273.38,Central,Enterprise
S000885,2024-10-05,C1013,P108,6,167.18,140.53,South,Consumer
S000886,2024-09-02,C1006,P115,1,120.98,81.35,East,SMB
S000887,2025-06-27,C1081,P114,6,260.93,183.15,North,Corporate
S000888,2024-08-26,C1012,P103,3,319.83,223.53,Central,Corporate
S000889,2025-02-27,C1091,P121,7,77.39,43.49,North,Consumer
S000890,2025-04-28,C1087,P106,1,54.24,32.16,North,SMB
S000891,2024-05-20,C1070,P100,6,126.44,91.97,North,Enterprise
S000892,2024-06-10,C1083,P126,5,136.39,68.93,Central,Corporate
S000893,2025-05-02,C1083,P130,5,269.53,225.67,Central,Corporate
S000894,2024-07-23,C1036,P148,2,59.72,44.43,East,Enterprise
S000895,2024-11-24,C1082,P118,6,348.56,208.53,Central,Consumer
S000896,2024-03-01,C1098,P158,4,169.45,132.07,South,Corporate
S000897,2024-04-01,C1073,P141,6,392.14,209.41,South,SMB
S000898,2024-08-25,C1094,P134,7,451.2,360.02,North,Consumer
S000899,2024-02-08,C1117,P158,1,169.45,132.07,East,SMB
S000900,2024-06-28,C1112,P126,1,136.39,68.93,Central,Enterprise
S000901,2024-06-29,C1117,P159,7,375.78,273.38,East,SMB
S000902,2024-02-07,C1050,P153,6,349.03,273.48,West,Consumer
S000903,2025-05-22,C1119,P111,7,299.54,215.94,South,Enterprise
S000904,2024-10-23,C1004,P156,3,358.97,243.73,Central,SMB
S000905,2024-01-10,C1072,P119,7,199.5,101.45,Central,SMB
S000906,2024-04-19,C1042,P159,5,375.78,273.38,West,SMB
S000907,2024-10-18,C1082,P129,7,282.05,236.45,Central,Consumer
S000908,2025-06-20,C1113,P131,1,128.51,102.62,East,Corporate
S000909,2024-05-17,C1064,P154,5,329.46,264.71,South,Consumer
S000910,2025-04-24,C1024,P117,1,95.44,71.85,North,SMB
S000911,2024-04-25,C1020,P121,2,77.39,43.49,South,Enterprise
S000912,2025-04-14,C1032,P141,4,392.14,209.41,West,Consumer
S000913,2024-07-09,C1094,P100,1,126.44,91.97,North,Consumer
S000914,2024-12-11,C1037,P150,5,12.48,7.81,Central,Enterprise
S000915,2024-07-16,C1078,P111,2,299.54,215.94,West,Consumer
S000916,2025-02-19,C1054,P152,1,278.88,218.44,East,Corporate
S000917,2025-06-11,C1011,P120,3,469,340.45,East,Enterprise
S000918,2025-02-14,C1012,P142,7,324.6,232.17,Central,Corporate
S000919,2024-07-08,C1061,P108,4,167.18,140.53,West,Corporate
S000920,2024-11-27,C1031,P159,1,375.78,273.38,West,Corporate
S000921,2024-01-07,C1049,P116,2,326.13,185.35,West,Corporate
S000922,2024-08-29,C1096,P128,3,410.44,266.73,Central,Consumer
S000923,2024-09-30,C1038,P121,6,77.39,43.49,North,Enterprise
S000924,2024-01-12,C1083,P116,2,326.13,185.35,Central,Corporate
S000925,2025-01-03,C1030,P144,7,89.2,48.97,East,Consumer
S000926,2024-03-04,C1015,P142,2,324.6,232.17,South,SMB
S000927,2025-04-21,C1020,P119,3,199.5,101.45,South,Enterprise
S000928,2025-02-19,C1064,P143,2,51.23,43.37,South,Consumer
S000929,2024-11-14,C1015,P144,3,89.2,48.97,South,SMB
S000930,2024-10-29,C1078,P123,1,65.6,54.7,West,Consumer
S000931,2024-08-14,C1017,P114,3,260.93,183.15,Central,SMB
S000932,2025-05-04,C1058,P109,3,101.39,64.65,West,Consumer
S000933,2025-01-17,C1089,P126,4,136.39,68.93,East,SMB
S000934,2025-04-27,C1068,P148,3,59.72,44.43,West,SMB
S000935,2024-08-11,C1031,P148,3,59.72,44.43,West,Corporate
S000936,2024-03-24,C1057,P133,6,449.64,285.42,South,Consumer
S000937,2025-06-24,C1046,P145,1,450.29,306.84,South,Enterprise
S000938,2024-03-20,C1072,P158,7,169.45,132.07,Central,SMB
S000939,2024-04-24,C1106,P103,4,319.83,223.53,East,SMB
S000940,2025-06-01,C1073,P112,6,342.01,266.14,South,SMB
S000941,2024-06-02,C1041,P110,5,29.98,24.35,North,Corporate
S000942,2025-06-16,C1014,P128,1,410.44,266.73,West,SMB
S000943,2024-07-29,C1074,P145,1,450.29,306.84,Central,Corporate
S000944,2025-05-15,C1115,P105,5,272.53,171.34,Central,SMB
S000945,2025-06-06,C1103,P128,7,410.44,266.73,South,Enterprise
S000946,2024-02-26,C1016,P129,3,282.05,236.45,West,Consumer
S000947,2025-06-09,C1058,P126,6,136.39,68.93,West,Consumer
S000948,2024-02-29,C1059,P135,2,320.22,195.63,South,SMB
S000949,2024-11-11,C1002,P146,4,307.15,247.89,East,Consumer
S000950,2025-02-09,C1104,P116,2,326.13,185.35,North,Consumer
S000951,2024-01-04,C1027,P147,5,14.51,11.01,South,Enterprise
S000952,2024-03-15,C1054,P102,1,190.21,138.89,East,Corporate
S000953,2024-12-18,C1008,P144,7,89.2,48.97,East,Enterprise
S000954,2024-03-02,C1114,P159,1,375.78,273.38,North,Enterprise
S000955,2024-03-11,C1060,P159,4,375.78,273.38,South,SMB
S000956,2024-02-02,C1052,P118,1,348.56,208.53,West,Consumer
S000957,2024-07-03,C1017,P149,1,335.12,249.95,Central,SMB
S000958,2025-03-06,C1114,P123,4,65.6,54.7,North,Enterprise
S000959,2025-01-26,C1111,P128,6,410.44,266.73,East,Corporate
S000960,2025-01-21,C1010,P124,6,463.1,379.84,West,Enterprise
S000961,2024-05-16,C1110,P141,4,392.14,209.41,North,Enterprise
S000962,2024-12-22,C1022,P107,7,419.3,245.46,West,Enterprise
S000963,2025-02-06,C1016,P133,5,449.64,285.42,West,Consumer
S000964,2024-08-16,C1000,P153,1,349.03,273.48,West,Corporate
S000965,2024-01-24,C1059,P119,7,199.5,101.45,South,SMB
S000966,2025-03-10,C1048,P134,1,451.2,360.02,South,SMB
S000967,2024-08-23,C1058,P115,5,120.98,81.35,West,Consumer
S000968,2024-12-20,C1035,P109,6,101.39,64.65,Central,Enterprise
S000969,2024-07-12,C1112,P159,7,375.78,273.38,Central,Enterprise
S000970,2024-04-25,C1103,P102,3,190.21,138.89,South,Enterprise
S000971,2025-03-05,C1098,P139,3,449.58,334.32,South,Corporate
S000972,2024-01-17,C1026,P115,3,120.98,81.35,East,Corporate
S000973,2024-03-09,C1076,P106,6,54.24,32.16,North,Enterprise
S000974,2024-02-04,C1076,P128,6,410.44,266.73,North,Enterprise
S000975,2024-02-19,C1094,P115,5,120.98,81.35,North,Consumer
S000976,2024-02-15,C1056,P125,1,439.9,276.94,West,Enterprise
S000977,2024-08-27,C1027,P134,5,451.2,360.02,South,Enterprise
S000978,2024-02-27,C1064,P108,5,167.18,140.53,South,Consumer
S000979,2024-10-23,C1104,P114,6,260.93,183.15,North,Consumer
S000980,2024-11-22,C1076,P136,3,176.12,98.51,North,Enterprise
S000981,2024-11-24,C1038,P115,2,120.98,81.35,North,Enterprise
S000982,2024-05-26,C1066,P142,1,324.6,232.17,South,Consumer
S000983,2024-08-14,C1038,P126,6,136.39,68.93,North,Enterprise
S000984,2024-10-08,C1071,P103,3,319.83,223.53,Central,Enterprise
S000985,2024-06-28,C1086,P140,7,444.67,311.06,North,Corporate
S000986,2025-03-13,C1063,P135,2,320.22,195.63,South,SMB
S000987,2024-02-18,C1082,P122,2,177.12,146.86,Central,Consumer
S000988,2025-01-25,C1067,P150,6,12.48,7.81,South,Consumer
S000989,2024-11-22,C1053,P144,4,89.2,48.97,Central,SMB
S000990,2025-02-22,C1038,P109,1,101.39,64.65,North,Enterprise
S000991,2025-01-20,C1096,P111,2,299.54,215.94,Central,Consumer
S000992,2025-04-29,C1108,P115,6,120.98,81.35,East,Corporate
S000993,2024-08-18,C1109,P119,6,199.5,101.45,East,Consumer
S000994,2024-05-27,C1059,P151,3,88.8,53.52,South,SMB
S000995,2024-02-29,C1052,P135,7,320.22,195.63,West,Consumer
S000996,2025-03-02,C1067,P135,4,320.22,195.63,South,Consumer
S000997,2024-05-17,C1031,P124,1,463.1,379.84,West,Corporate
S000998,2024-09-18,C1042,P113,5,18.13,12.25,West,SMB
S000999,2024-03-21,C1057,P159,7,375.78,273.38,South,Consumer
S001000,2025-01-14,C1068,P105,7,272.53,171.34,West,SMB
S001001,2024-07-14,C1034,P103,3,319.83,223.53,East,Corporate
S001002,2025-01-21,C1077,P143,2,51.23,43.37,West,Enterprise
S001003,2024-02-10,C1009,P155,2,119.89,98.27,Central,Consumer
S001004,2024-07-11,C1097,P151,3,88.8,53.52,South,Corporate
S001005,2024-08-10,C1026,P130,6,269.53,225.67,East,Corporate
S001006,2024-12-06,C1116,P119,2,199.5,101.45,South,Enterprise
S001007,2024-01-16,C1119,P113,4,18.13,12.25,South,Enterprise
S001008,2024-07-13,C1015,P147,1,14.51,11.01,South,SMB
S001009,2025-05-05,C1031,P158,7,169.45,132.07,West,Corporate
S001010,2024-07-28,C1117,P125,7,439.9,276.94,East,SMB
S001011,2024-09-02,C1041,P135,4,320.22,195.63,North,Corporate
S001012,2024-10-16,C1059,P124,2,463.1,379.84,South,SMB
S001013,2025-06-30,C1045,P141,7,392.14,209.41,North,SMB
S001014,2024-11-11,C1046,P116,5,326.13,185.35,South,Enterprise
S001015,2025-06-09,C1063,P156,1,358.97,243.73,South,SMB
S001016,2025-04-22,C1102,P106,1,54.24,32.16,West,Consumer
S001017,2025-04-25,C1107,P148,7,59.72,44.43,West,Corporate
S001018,2024-11-23,C1026,P158,3,169.45,132.07,East,Corporate
S001019,2025-01-14,C1052,P120,7,469,340.45,West,Consumer
S001020,2024-02-16,C1110,P136,3,176.12,98.51,North,Enterprise
S001021,2024-08-14,C1018,P147,7,14.51,11.01,North,SMB
S001022,2024-01-17,C1070,P116,5,326.13,185.35,North,Enterprise
S001023,2025-03-03,C1019,P118,6,348.56,208.53,West,Consumer
S001024,2024-07-19,C1029,P121,1,77.39,43.49,West,Corporate
S001025,2025-01-23,C1106,P136,7,176.12,98.51,East,SMB
S001026,2024-09-08,C1070,P131,5,128.51,102.62,North,Enterprise
S001027,2024-12-11,C1097,P116,3,326.13,185.35,South,Corporate
S001028,2025-05-15,C1082,P146,3,307.15,247.89,Central,Consumer
S001029,2025-05-17,C1021,P129,1,282.05,236.45,Central,Consumer
S001030,2024-12-26,C1017,P110,4,29.98,24.35,Central,SMB
S001031,2025-05-15,C1117,P111,7,299.54,215.94,East,SMB
S001032,2024-03-01,C1004,P133,2,449.64,285.42,Central,SMB
S001033,2024-03-17,C1085,P152,3,278.88,218.44,North,Enterprise
S001034,2024-02-19,C1000,P148,6,59.72,44.43,West,Corporate
S001035,2025-02-26,C1107,P108,6,167.18,140.53,West,Corporate
S001036,2024-08-24,C1090,P104,3,320.43,170.72,East,Consumer
S001037,2024-06-03,C1027,P100,4,126.44,91.97,South,Enterprise
S001038,2025-06-01,C1047,P129,4,282.05,236.45,Central,Consumer
S001039,2024-03-02,C1081,P139,5,449.58,334.32,North,Corporate
S001040,2025-05-09,C1062,P142,6,324.6,232.17,Central,Enterprise
S001041,2024-01-17,C1068,P100,5,126.44,91.97,West,SMB
S001042,2025-02-25,C1002,P100,6,126.44,91.97,East,Consumer
S001043,2025-06-26,C1035,P146,7,307.15,247.89,Central,Enterprise
S001044,2024-10-20,C1064,P101,7,366.83,292.44,South,Consumer
S001045,2025-03-16,C1116,P151,2,88.8,53.52,South,Enterprise
S001046,2024-07-02,C1117,P106,7,54.24,32.16,East,SMB
S001047,2024-04-08,C1019,P133,2,449.64,285.42,West,Consumer
S001048,2024-09-03,C1079,P112,7,342.01,266.14,West,Enterprise
S001049,2025-06-23,C1104,P116,1,326.13,185.35,North,Consumer
S001050,2024-12-28,C1101,P117,7,95.44,71.85,North,SMB
S001051,2025-02-10,C1047,P105,5,272.53,171.34,Central,Consumer
S001052,2025-02-19,C1072,P129,3,282.05,236.45,Central,SMB
S001053,2024-09-06,C1028,P144,5,89.2,48.97,West,Corporate
S001054,2024-11-03,C1105,P143,3,51.23,43.37,Central,Consumer
S001055,2024-03-23,C1109,P141,4,392.14,209.41,East,Consumer
S001056,2024-02-02,C1051,P105,5,272.53,171.34,West,Consumer
S001057,2025-01-23,C1070,P124,4,463.1,379.84,North,Enterprise
S001058,2025-05-02,C1081,P103,2,319.83,223.53,North,Corporate
S001059,2024-01-10,C1021,P144,2,89.2,48.97,Central,Consumer
S001060,2024-03-25,C1108,P131,1,128.51,102.62,East,Corporate
S001061,2025-03-20,C1100,P141,7,392.14,209.41,West,Corporate
S001062,2024-12-05,C1109,P136,5,176.12,98.51,East,Consumer
S001063,2024-04-07,C1067,P157,4,126.25,85.29,South,Consumer
S001064,2024-02-13,C1027,P114,3,260.93,183.15,South,Enterprise
S001065,2025-05-01,C1005,P117,2,95.44,71.85,South,Enterprise
S001066,2024-03-17,C1118,P143,7,51.23,43.37,North,SMB
S001067,2024-10-14,C1069,P157,2,126.25,85.29,West,Corporate
S001068,2024-02-03,C1118,P111,3,299.54,215.94,North,SMB
S001069,2024-11-18,C1026,P101,7,366.83,292.44,East,Corporate
S001070,2024-05-27,C1105,P148,7,59.72,44.43,Central,Consumer
S001071,2025-02-11,C1009,P159,4,375.78,273.38,Central,Consumer
S001072,2024-11-02,C1072,P110,4,29.98,24.35,Central,SMB
S001073,2024-09-03,C1106,P136,5,176.12,98.51,East,SMB
S001074,2025-02-02,C1114,P143,5,51.23,43.37,North,Enterprise
S001075,2024-12-05,C1096,P124,6,463.1,379.84,Central,Consumer
S001076,2024-05-23,C1088,P150,6,12.48,7.81,West,Corporate
S001077,2024-03-21,C1095,P132,1,55.62,33.54,East,SMB
S001078,2024-12-20,C1012,P103,2,319.83,223.53,Central,Corporate
S001079,2025-03-23,C1107,P114,5,260.93,183.15,West,Corporate
S001080,2024-03-18,C1077,P121,4,77.39,43.49,West,Enterprise
S001081,2025-02-10,C1041,P149,3,335.12,249.95,North,Corporate
S001082,2024-01-31,C1034,P140,4,444.67,311.06,East,Corporate
S001083,2025-04-06,C1029,P131,2,128.51,102.62,West,Corporate
S001084,2024-12-30,C1048,P135,6,320.22,195.63,South,SMB
S001085,2025-03-18,C1087,P111,4,299.54,215.94,North,SMB
S001086,2025-01-24,C1098,P105,1,272.53,171.34,South,Corporate
S001087,2024-10-29,C1031,P151,2,88.8,53.52,West,Corporate
S001088,2024-03-16,C1034,P105,6,272.53,171.34,East,Corporate
S001089,2024-06-06,C1091,P124,3,463.1,379.84,North,Consumer
S001090,2024-06-06,C1049,P147,6,14.51,11.01,West,Corporate
S001091,2024-11-20,C1013,P123,7,65.6,54.7,South,Consumer
S001092,2024-04-03,C1039,P100,1,126.44,91.97,South,Enterprise
S001093,2025-03-31,C1097,P123,2,65.6,54.7,South,Corporate
S001094,2024-10-03,C1016,P106,3,54.24,32.16,West,Consumer
S001095,2024-03-30,C1055,P111,1,299.54,215.94,North,Consumer
S001096,2025-04-04,C1071,P135,6,320.22,195.63,Central,Enterprise
S001097,2025-06-08,C1013,P126,1,136.39,68.93,South,Consumer
S001098,2024-01-27,C1045,P105,2,272.53,171.34,North,SMB
S001099,2024-04-05,C1076,P138,5,365.72,302.69,North,Enterprise
S001100,2024-11-28,C1049,P155,1,119.89,98.27,West,Corporate
S001101,2024-01-13,C1052,P118,7,348.56,208.53,West,Consumer
S001102,2025-02-01,C1010,P149,1,335.12,249.95,West,Enterprise
S001103,2024-09-05,C1066,P136,6,176.12,98.51,South,Consumer
S001104,2024-06-22,C1048,P143,6,51.23,43.37,South,SMB
S001105,2024-06-22,C1034,P108,3,167.18,140.53,East,Corporate
S001106,2024-11-04,C1063,P117,6,95.44,71.85,South,SMB
S001107,2024-05-29,C1021,P104,4,320.43,170.72,Central,Consumer
S001108,2025-03-21,C1053,P117,2,95.44,71.85,Central,SMB
S001109,2024-11-02,C1100,P130,2,269.53,225.67,West,Corporate
S001110,2024-03-19,C1032,P123,5,65.6,54.7,West,Consumer
S001111,2024-09-09,C1080,P146,5,307.15,247.89,Central,Consumer
S001112,2025-05-22,C1078,P138,2,365.72,302.69,West,Consumer
S001113,2024-07-19,C1013,P129,7,282.05,236.45,South,Consumer
S001114,2024-05-18,C1000,P119,5,199.5,101.45,West,Corporate
S001115,2025-02-09,C1107,P121,3,77.39,43.49,West,Corporate
S001116,2025-01-24,C1110,P151,6,88.8,53.52,North,Enterprise
S001117,2024-12-03,C1042,P128,2,410.44,266.73,West,SMB
S001118,2025-03-16,C1105,P152,5,278.88,218.44,Central,Consumer
S001119,2024-05-19,C1041,P119,2,199.5,101.45,North,Corporate
S001120,2024-07-24,C1040,P130,4,269.53,225.67,West,Corporate
S001121,2024-06-30,C1040,P125,1,439.9,276.94,West,Corporate
S001122,2024-10-25,C1088,P147,6,14.51,11.01,West,Corporate
S001123,2025-05-17,C1100,P136,2,176.12,98.51,West,Corporate
S001124,2024-09-05,C1048,P120,1,469,340.45,South,SMB
S001125,2024-10-14,C1100,P152,5,278.88,218.44,West,Corporate
S001126,2025-02-06,C1014,P123,1,65.6,54.7,West,SMB
S001127,2024-07-23,C1069,P137,6,181.11,125.85,West,Corporate
S001128,2024-07-03,C1098,P143,2,51.23,43.37,South,Corporate
S001129,2024-01-28,C1059,P146,4,307.15,247.89,South,SMB
S001130,2024-08-02,C1102,P128,7,410.44,266.73,West,Consumer
S001131,2024-10-25,C1088,P153,5,349.03,273.48,West,Corporate
S001132,2024-03-11,C1108,P152,2,278.88,218.44,East,Corporate
S001133,2025-02-22,C1063,P143,6,51.23,43.37,South,SMB
S001134,2024-05-22,C1038,P140,5,444.67,311.06,North,Enterprise
S001135,2024-09-04,C1084,P116,3,326.13,185.35,North,Enterprise
S001136,2024-06-06,C1054,P145,1,450.29,306.84,East,Corporate
S001137,2025-01-21,C1057,P104,7,320.43,170.72,South,Consumer
S001138,2025-05-05,C1051,P137,6,181.11,125.85,West,Consumer
S001139,2025-06-02,C1117,P159,3,375.78,273.38,East,SMB
S001140,2025-03-04,C1004,P134,2,451.2,360.02,Central,SMB
S001141,2025-01-03,C1114,P144,4,89.2,48.97,North,Enterprise
S001142,2024-03-28,C1098,P106,5,54.24,32.16,South,Corporate
S001143,2024-09-11,C1085,P142,1,324.6,232.17,North,Enterprise
S001144,2024-12-29,C1082,P110,5,29.98,24.35,Central,Consumer
S001145,2024-02-15,C1082,P136,7,176.12,98.51,Central,Consumer
S001146,2025-02-13,C1042,P148,2,59.72,44.43,West,SMB
S001147,2025-03-16,C1001,P106,5,54.24,32.16,Central,Enterprise
S001148,2024-04-10,C1028,P116,1,326.13,185.35,West,Corporate
S001149,2025-06-06,C1066,P147,2,14.51,11.01,South,Consumer
S001150,2024-08-14,C1047,P128,5,410.44,266.73,Central,Consumer
S001151,2025-02-04,C1098,P129,4,282.05,236.45,South,Corporate
S001152,2025-05-27,C1044,P109,6,101.39,64.65,South,Corporate
S001153,2024-01-26,C1013,P130,2,269.53,225.67,South,Consumer
S001154,2024-10-29,C1117,P126,6,136.39,68.93,East,SMB
S001155,2024-03-28,C1106,P107,2,419.3,245.46,East,SMB
S001156,2024-05-25,C1039,P122,4,177.12,146.86,South,Enterprise
S001157,2024-12-17,C1100,P129,6,282.05,236.45,West,Corporate
S001158,2024-07-30,C1061,P133,3,449.64,285.42,West,Corporate
S001159,2024-12-22,C1012,P130,1,269.53,225.67,Central,Corporate
S001160,2025-03-24,C1089,P146,3,307.15,247.89,East,SMB
S001161,2025-04-08,C1008,P120,5,469,340.45,East,Enterprise
S001162,2024-11-03,C1103,P102,4,190.21,138.89,South,Enterprise
S001163,2024-04-27,C1108,P101,3,366.83,292.44,East,Corporate
S001164,2024-12-17,C1013,P141,2,392.14,209.41,South,Consumer
S001165,2024-06-17,C1094,P159,5,375.78,273.38,North,Consumer
S001166,2024-09-06,C1022,P133,5,449.64,285.42,West,Enterprise
S001167,2024-06-12,C1071,P121,3,77.39,43.49,Central,Enterprise
S001168,2025-03-12,C1029,P129,3,282.05,236.45,West,Corporate
S001169,2025-02-18,C1023,P140,4,444.67,311.06,North,SMB
S001170,2024-07-09,C1084,P140,1,444.67,311.06,North,Enterprise
S001171,2025-03-18,C1003,P125,3,439.9,276.94,Central,SMB
S001172,2024-07-21,C1075,P128,7,410.44,266.73,South,Enterprise
S001173,2025-03-15,C1000,P124,3,463.1,379.84,West,Corporate
S001174,2024-08-07,C1035,P113,6,18.13,12.25,Central,Enterprise
S001175,2024-03-05,C1013,P136,2,176.12,98.51,South,Consumer
S001176,2024-07-10,C1041,P123,7,65.6,54.7,North,Corporate
S001177,2024-07-20,C1014,P129,7,282.05,236.45,West,SMB
S001178,2024-09-25,C1110,P142,6,324.6,232.17,North,Enterprise
S001179,2025-05-16,C1081,P133,6,449.64,285.42,North,Corporate
S001180,2024-11-16,C1049,P138,5,365.72,302.69,West,Corporate
S001181,2025-02-05,C1014,P137,1,181.11,125.85,West,SMB
S001182,2024-12-22,C1108,P122,2,177.12,146.86,East,Corporate
S001183,2025-04-13,C1022,P139,4,449.58,334.32,West,Enterprise
S001184,2024-10-31,C1078,P158,7,169.45,132.07,West,Consumer
S001185,2024-03-27,C1017,P143,4,51.23,43.37,Central,SMB
S001186,2024-11-16,C1030,P107,3,419.3,245.46,East,Consumer
S001187,2024-11-08,C1023,P107,3,419.3,245.46,North,SMB
S001188,2025-01-17,C1018,P144,4,89.2,48.97,North,SMB
S001189,2025-06-07,C1053,P124,3,463.1,379.84,Central,SMB
S001190,2024-05-21,C1049,P136,1,176.12,98.51,West,Corporate
S001191,2025-03-09,C1062,P111,6,299.54,215.94,Central,Enterprise
S001192,2024-06-26,C1021,P135,3,320.22,195.63,Central,Consumer
S001193,2025-05-16,C1017,P118,5,348.56,208.53,Central,SMB
S001194,2024-07-10,C1107,P120,3,469,340.45,West,Corporate
S001195,2025-04-06,C1006,P139,2,449.58,334.32,East,SMB
S001196,2025-01-02,C1062,P100,1,126.44,91.97,Central,Enterprise
S001197,2024-05-19,C1104,P112,2,342.01,266.14,North,Consumer
S001198,2025-01-28,C1064,P135,2,320.22,195.63,South,Consumer
S001199,2025-05-21,C1087,P126,5,136.39,68.93,North,SMB
S001200,2025-05-18,C1090,P126,1,136.39,68.93,East,Consumer
